title,description,salary,date_posted
Arity,Arity - Analytics Data Engineering and Infrastructure Director,,13 Hours Ago
Capital One,Senior Data Analyst (Remote),97K-111K Annually,4 Days Ago
ServiceNow,Data Informatics Analyst - Strategy,,3 Days Ago
NBCUniversal,Sr. Applied Data Engineer - NBC Sports Next,,5 Days Ago
Mondelēz International,"Sr. Manager, ​ Data Platforms",,3 Days Ago
PwC,"Data Conversion Developer, Senior Associate",,2 Days Ago
Overjet,"Sr. Data Engineer, Data & Analytics Team",,3 Days Ago
Pluralsight,Senior Analytics Engineer - Data Ops,,Yesterday
CrowdStrike,Principal Software Engineer - Data Enrichment Platform (Remote),185K-265K Annually,2 Days Ago
Grow Therapy,Data Manager - Insurance Operations,107K-170K Annually,Yesterday
Merck,"Senior Specialist, Data Engineering (multiple openings)",,4 Days Ago
Jellyfish,Data Engineer (Research),,3 Days Ago
HealthJoy,Senior Data Engineer II,150K-175K Annually,3 Days Ago
Atlassian,"Principal Data Scientist, Community",167K-268K Annually,Yesterday
Block,"Senior Data Scientist, Food & Beverage",,5 Days Ago
DFIN,Operations Data Analytics Senior Associate - Remote,,13 Hours Ago
Thumbtack,"Lead Data Scientist, Business Analytics",145K-209K Annually,6 Days Ago
Block,"Data Scientist, TIDAL",100K-176K Annually,5 Days Ago
PwC,E&C Compliance Monitoring Data Scientist,,6 Days Ago
UL Solutions,Data Scientist,80K-110K Annually,6 Days Ago
Block,Staff Data Scientist - Sales & Account Management,139K-205K Annually,11 Days Ago
ServiceNow,Senior Data Engineer,137K-233K Annually,9 Days Ago
Enigma,"Senior Software Engineer, Data Product",160K-210K Annually,Yesterday
Motorola Solutions,Data Specialist,,5 Days Ago
Atlassian,Principal Data Scientist,167K-268K Annually,11 Days Ago
Merck,Business Data Analyst - Master Data Management,111K-175K Annually,4 Days Ago
NBCUniversal,Data Engineer - NBC Sports Next,,9 Days Ago
Dotdash Meredith,"Director, Data Science - D/Cipher",,2 Days Ago
Square,"Head of Data, Square",,11 Days Ago
Cash App,Senior Data Scientist - Health,121K-213K Annually,10 Days Ago
Atlassian,"Senior Data Scientist, Cloud Operations Products",126K-203K Annually,2 Days Ago
Vivante Health,Senior Data Engineer,,22 Minutes Ago
Pie Insurance,Senior Data Scientist - Insurance Modeling,155K-190K Annually,5 Hours Ago
HopSkipDrive,Senior Data Analyst,100K-120K Annually,4 Days Ago
Course Hero,Staff Data Scientist - SEO Simulation,150K-269K Annually,2 Days Ago
PwC,OFRO P&T Risk & Quality Data Science Director,,10 Hours Ago
Dynatrace,"Senior BI Data Modeler - Snowflake/DBT (Remote, United States)",130K-140K Annually,12 Days Ago
Cash App,Senior Data Scientist - Support,121K-213K Annually,10 Days Ago
PwC,"Data Analytics & Technologies Senior Manager - Healthcare, Pharma & Life Sciences",,12 Days Ago
Red Canary,Senior Data Analyst,125K-135K Annually,2 Days Ago
Terakeet,Sr. Data Engineer - Python,115K-173K Annually,Yesterday
GoodRx,Lead Data Scientist,135K-288K Annually,5 Days Ago
Pfizer,Staff Analytics Data Engineer - Commercial Analytics Engineering,149K-249K Annually,3 Days Ago
Jellyvision,"Senior Software Engineer I, Data",124K-152K Annually,Yesterday
DigitalOcean,Staff Data Center Engineer,150K-200K Annually,Yesterday
Dotdash Meredith,Senior Data Scientist - D/Cipher & Yield,,2 Days Ago
Dotdash Meredith,Senior Data Scientist,,2 Days Ago
Headway,Senior Data Scientist,196K Annually,2 Days Ago
Brigit,Senior Data Engineer,155K-180K Annually,2 Days Ago
Achieve,Sr. Staff Data Analyst (Settlement Operations),135K-160K Annually,2 Days Ago
SeatGeek,Lead Product Manager - Cloud and Data Products,130K-220K Annually,2 Days Ago
Enigma,"Staff Software Engineer, API and Data Delivery",180K-240K Annually,2 Days Ago
Red Canary,Principal Data Engineer,225K Annually,2 Days Ago
Revenue Analytics,Senior Data Engineer,,2 Days Ago
Grammarly,"Software Engineer, Data",219K-269K Annually,2 Days Ago
Block,"Senior Data Scientist, Square Banking",121K-213K Annually,10 Days Ago
Taskrabbit,Senior Data Engineer,115K-160K Annually,2 Days Ago
Duo Security,Quality Data Analyst,,2 Days Ago
General Motors,"Manager, Data Security Engineer",116K-182K Annually,2 Days Ago
General Motors,"Sr. Manager, Data Governance Engineering",156K-239K Annually,2 Days Ago
General Motors,"Data Governance Engineer, Technical Owner",116K-182K Annually,2 Days Ago
Horace Mann,Data Scientist,,2 Days Ago
Dandy,Data Analyst - Digital Design Center,150K-175K Annually,2 Days Ago
Samsara,Senior Data Science and Analytics Manager,131K-198K Annually,9 Days Ago
JumpCloud,Principal Data Engineer - United States,195K-250K Annually,2 Days Ago
Chime,"Senior/Lead Data Analyst, Strategy & Finance",133K-207K Annually,2 Days Ago
Toast,Senior Talent Acquisition Data Analyst,92K-147K Annually,2 Days Ago
Doximity,Data Analyst,110K-150K Annually,7 Days Ago
SoFi,"Senior Software Engineer, Data Platform (Contract)",,2 Days Ago
ServiceNow,Data Center Engineer - Liquid Cooling/GPU-GenAI,,2 Days Ago
Spring Health,"Senior Data Scientist, Pricing and Value Experimentation",159K-194K Annually,7 Days Ago
CoreWeave,"Engineer, Data Platforms",160K-185K Annually,3 Days Ago
Mondelēz International,Data Management Transformation Lead,,3 Days Ago
CoreWeave,"Engineering Manager, Data Platforms Infrastructure",210K-225K Annually,3 Days Ago
Mondelēz International,"Senior Manager, Commercial Data Management & Data Product Owner",,3 Days Ago
ServiceNow,Senior Staff Software Engineer - Data Platform,173K-304K Annually,3 Days Ago
GHX,Consultant - Healthcare Master Data Management,78K-104K Annually,3 Days Ago
Cruise,"Senior Software Engineer, ML Data Platform",131K-193K Annually,3 Days Ago
Instacart,"Sr. Director, Data Science - Core Experience",257K-345K Annually,3 Days Ago
ServiceNow,Digital Data Analytics Manager,117K-204K Annually,12 Days Ago
Achieve,Sr. Data Analyst,120K-140K Annually,5 Days Ago
Square,"Senior Data Scientist, Payment Risk",146K-258K Annually,7 Days Ago
Thumbtack,"Lead Data Scientist, Product",161K-231K Annually,6 Days Ago
Opendoor,Data Analyst III,112K-210K Annually,3 Days Ago
CoreWeave,"Implementation Manager, Data Center Operations",,3 Days Ago
PwC,US Tech - Data Scientist - Gen AI Solutions,,16 Days Ago
Cash App,Staff Data Scientist - Sales & Account Management,139K-205K Annually,10 Days Ago
Drata,Senior Data Analyst (Remote),119K-184K Annually,3 Days Ago
Calm,Senior Data Engineer,186K-260K Annually,3 Days Ago
DRW,Senior Software Engineer - Reference Data,200K-275K Annually,3 Days Ago
Bounteous,"VP, Business Development (Cloud, Data, Product Engineering)",350K-500K Annually,3 Days Ago
Bounteous,"Senior Director, Business Development (Cloud, Data, Product Engineering)",300K-350K Annually,3 Days Ago
Movable Ink,Senior Data Engineer,180K-210K Annually,3 Days Ago
Golden Hippo,"Sr. Data Analyst, Brand Marketing",88K-117K Annually,3 Days Ago
Clari,Senior Revenue Operations Data Analyst - Remote,116K-174K Annually,3 Days Ago
Thumbtack,Data Engineer,145K-209K Annually,3 Days Ago
FourKites,QA Data Scientist,,3 Days Ago
kea,Data Engineer,,3 Days Ago
Block,"Head of Data, Square",,11 Days Ago
CrowdStrike,Data Center - Supply Chain Engineer (Remote),80K-120K Annually,4 Days Ago
Smartsheet,"Sr. Director, Data Science & BI",220K-324K Annually,3 Days Ago
GoodRx,"Manager, Data Science",151K-323K Annually,6 Days Ago
Cash App,Staff Data Scientist - Programmatic Ads Lead,208K-312K Annually,10 Days Ago
Merck,Associate Director - Data Product Management,136K-213K Annually,4 Days Ago
Ontra,Senior Manager of Data Science,216K-324K Annually,10 Days Ago
Thumbtack,"Senior Software Engineer, Data Platform",226K-325K Annually,4 Days Ago
CrowdStrike,Sr. Software Engineer II - Data Platform (Remote),150K-250K Annually,4 Days Ago
Atlassian,Director of Privacy (Data Counsel),,4 Days Ago
Samsara,Product Data Management Specialist,53K-92K Annually,4 Days Ago
Samsara,Principal Supply Chain Data Analyst,123K-220K Annually,4 Days Ago
Dropbox,"Data Engineer, New Initiatives",158K-214K Annually,4 Days Ago
ServiceNow,Sr Staff Data Platform Software Engineer - Data Streaming,173K-304K Annually,4 Days Ago
Motorola Solutions,Lead Data Scientist,,16 Days Ago
Jellyfish,Data Scientist,,6 Days Ago
Capital One,Principal Data Analyst (Remote),114K-130K Annually,4 Days Ago
Polygon Labs,Data & Analytics Lead,,3 Days Ago
TransUnion,Marketing Data Scientist,95K-156K Annually,5 Days Ago
SoFi,"Data Scientist, Pricing",190K-219K Annually,5 Days Ago
Mondelēz International,Manager Data Science & Analytics,,5 Days Ago
Spring Health,"Senior Data Scientist, Member Experience",159K-194K Annually,12 Days Ago
Fors Marsh,Data Management Specialist,67K-75K Annually,12 Hours Ago
CrowdStrike,"Data Warehouse, Data Analyst (Remote)",90K-150K Annually,13 Days Ago
ServiceNow,"Sr. Manager, Data Platform Software Engrg Mgmt - Data Platform",173K-304K Annually,5 Days Ago
ServiceNow,Sr Data Platform Software Engineer - Data Platform,152K-258K Annually,5 Days Ago
ServiceNow,Sr Staff Data Platform Software Engineer - Data Platform,173K-304K Annually,5 Days Ago
ServiceNow,Staff Data Platform Software Engineer - Data Platform,149K-261K Annually,5 Days Ago
Merck,"Associate Director, Data Science - Imaging and AI Research",,5 Days Ago
Block,Staff Data Scientist - Programmatic Ads Lead,208K-312K Annually,13 Days Ago
Comcast Advertising,Sr. Manager Software Engineering (Data),,5 Days Ago
Vendavo,Sales Operations Data Analyst (Remote),73K Annually,5 Days Ago
ServiceNow,Staff Software Engineer - Big Data,143K-250K Annually,5 Days Ago
TrueML,"Engineering Manager, Data Platforms",158K-190K Annually,5 Days Ago
Consensus Cloud Solutions,Director of Master Data Management (MDM) and Operations,,7 Days Ago
Restaurant365,Senior Data Engineer,135K-170K Annually,5 Days Ago
Nagarro,Senior Data Scientist,,5 Days Ago
Restaurant365,"Data Import Specialist, Payroll",,5 Days Ago
GoodRx,Lead Data Scientist,135K-288K Annually,9 Days Ago
Block,Senior Data Scientist - Health,121K-213K Annually,6 Days Ago
2K,"Director of Product, 2K Data ",163K-242K Annually,6 Days Ago
Randall Reilly,"Manager, Data Analytics | Remote",115K-122K Annually,2 Days Ago
Pluralsight,Sr. Data Scientist,,6 Days Ago
Atlassian,"Senior Data Scientist, Marketing",145K-233K Annually,13 Days Ago
Capital One,"Senior Manager, Data Engineering - Capital One Software (Remote Eligible)",199K-284K Annually,6 Days Ago
Saturn,Data Scientist,160K-200K Annually,3 Days Ago
ServiceNow,Senior Data Scientist,109K-186K Annually,11 Days Ago
Zeta Global,Associate Solutions Manager - Data Cloud Applications,70K-90K Annually,6 Days Ago
Zeta Global,Data Cloud Solutions Consultant,70K-100K Annually,6 Days Ago
Atlassian,Data Engineer,116K-187K Annually,6 Days Ago
Appfire,Director of Data Science (remote),,3 Days Ago
Discord,Staff Adaptive Data Analytics Specialist,205K-226K Annually,5 Days Ago
CareJourney,Lead Data Analyst,,4 Hours Ago
NBCUniversal,"Principal Solution Architect, SAP Data & Analytics",195K-235K Annually,6 Days Ago
350.org,Senior Data Specialist,,2 Days Ago
DFIN,Operations Data Analytics Senior- Remote,,6 Days Ago
DFIN,Operations Data Analytics Senior - Remote - Seasonal role,,6 Days Ago
Dotdash Meredith,"Product Manager, Data Science",,6 Days Ago
Square,"Senior Data Scientist, Food & Beverage",121K-213K Annually,11 Days Ago
Enigma,"Senior Software Engineer, Data Infrastructure",160K-210K Annually,7 Days Ago
DraftKings,"Manager, Data Engineering",,7 Days Ago
Square,"Senior Data Scientist, Square Banking",121K-213K Annually,9 Days Ago
AddShoppers,Sr. Data Engineer,,7 Days Ago
ServiceNow,Principal Data Architect,,7 Days Ago
Block,Senior Data Scientist - Support,121K-213K Annually,13 Days Ago
Nagarro,Senior Data Engineer (m/f/d),,5 Days Ago
DoorDash,Master Data Management Specialist,,13 Hours Ago
GoodRx,"Manager, Data Science",151K-323K Annually,9 Days Ago
OP Labs,"Senior Software Engineer, Data",,Yesterday
Restaurant365,"VP, Enterprise Systems & Data",225K-280K Annually,7 Days Ago
Reddit,"Staff Data Scientist, Threat Detection",207K-289K Annually,3 Days Ago
Atlassian,Principal Data Analyst - Enterprise & Sales,124K-199K Annually,7 Days Ago
Trace3,Data Intelligence,,2 Days Ago
Block,"Senior Data Scientist, Payment Risk",146K-258K Annually,8 Days Ago
"Endpoint Clinical, Inc.",Lead Data Specialist,80K-93K Annually,13 Days Ago
Pluralsight,Principal Data Scientist,,7 Days Ago
Madhive,Staff Engineer - Data Engineering,200K-280K Annually,8 Days Ago
CrowdStrike,UI Data Visualization Engineer (Remote),115K-175K Annually,8 Days Ago
Dropbox,"Data Scientist, Marketing",180K-244K Annually,13 Days Ago
Datavant,Data Engineer,90K-130K Annually,7 Days Ago
Jellyfish,"Data Scientist, Product",,9 Days Ago
Superhuman,Principal Data Scientist,229K-269K Annually,10 Days Ago
Comcast Advertising,Lead Data Software Engineer,,8 Days Ago
Sensor Tower,Senior Data Scientist - Ad Intelligence,140K-180K Annually,9 Days Ago
GitLab,"Senior Backend Engineer, Data Stores: Tenant Scale",118K-252K Annually,8 Days Ago
PrizePicks,Associate Data Science Engineer,,8 Days Ago
cBEYONData,Data Lead,,6 Days Ago
eSimplicity,Senior Data Engineer,,6 Days Ago
CrowdStrike,"Financial Data Analyst, Product (Remote)",55K-95K Annually,8 Days Ago
Barbaricum,Data Scientist,,19 Hours Ago
Kaleris,Senior Data Engineer,,Yesterday
CrowdStrike,Sr. Security Researcher - Data Operations (Remote),95K-155K Annually,9 Days Ago
CrowdStrike,"Senior Software Engineer, Database Engine and Semantic Data Modeling (Remote)",135K-210K Annually,9 Days Ago
Noom,Head of Data Science,217K-344K Annually,Yesterday
Merck,"2024 University Recruiting: Global Workplace & Enterprise Svcs. Environmental, Health & Safety Data Analyst Co-op",40K-106K Annually,12 Days Ago
PrizePicks,Data Science Manager - Behavioral / Econometrics,,9 Days Ago
Spokeo,Data Engineering Manager,,9 Days Ago
Spokeo,Senior Data Engineer,,9 Days Ago
Doximity,"Senior Software Engineer, Data",190K-210K Annually,9 Days Ago
Dropbox,Data Engineer,158K-214K Annually,9 Days Ago
PrizePicks,Associate Data Scientist - GameOps,,13 Days Ago
Nomi Health,Data Manager,,5 Days Ago
NBCUniversal,Senior Data Engineer - Fandango,,9 Days Ago
Datavant,"Data Scientist, Privacy Hub, US",135K-175K Annually,3 Days Ago
Merck,Network Data Analyst (Hybrid - NJ or TX),83K-131K Annually,10 Days Ago
GoodRx,"Manager, Data Science",135K-288K Annually,11 Days Ago
ActBlue,"Engineering Manager, Data Product",174K-192K Annually,9 Days Ago
Skillsoft,Summer Internship - Enterprise Data & Analytics,,9 Days Ago
Vannevar Labs,Data Operations Engineering Intern,65K-90K Annually,9 Days Ago
VideoAmp,Senior Data Engineer - Measurement,140K Annually,9 Days Ago
CrowdStrike,Engineer II - Data Reliability (Remote),,9 Days Ago
Flock Safety,Data Analyst,110K-145K Annually,2 Days Ago
Kaizen Analytix,Data Science & Optimization Contractor,,Yesterday
GoodRx,Principal Software Engineer (Data),135K-288K Annually,9 Days Ago
GoodRx,Data Engineer II,96K-205K Annually,9 Days Ago
GoodRx,"Manager, Data Science",151K-323K Annually,11 Days Ago
Circle,"Data Engineer, Financial Data",120K-163K Annually,4 Days Ago
Netflix,"Data Scientist (L5) - Applied Research, Consumer Insights",170K Annually,3 Days Ago
Cash App,"Sales Insights Associate, North America (Afterpay & Cash App)",,10 Days Ago
Cash App,Staff Data Scientist - Marketing,146K-258K Annually,10 Days Ago
PwC,E&C Compliance Monitoring Data Scientist,,19 Days Ago
ServiceNow,"Director, Data Science Management",234K-409K Annually,10 Days Ago
Comcast Advertising,Principal Software Engineer (Data),121K-284K Annually,10 Days Ago
Samsara,Senior Product Manager - Data,126K-213K Annually,10 Days Ago
Retail Zipline,Data Scientist,,Yesterday
Thumbtack,"Sr. Manager, Marketing Data Science",234K-275K Annually,10 Days Ago
Coinbase,Senior Data Scientist,175K-206K Annually,2 Days Ago
Bullhorn,Data Center Operations Engineer 1,,10 Days Ago
Square,"Senior Data Scientist, Fraud Risk",121K-213K Annually,10 Days Ago
Clari,"Principal Software Engineer, Data Platform - Remote",191K-287K Annually,10 Days Ago
NBCUniversal,"Sr Product Analyst, SAP Master Data Governance",140K-160K Annually,10 Days Ago
Thumbtack,"Senior Engineering Manager, Marketing Tech",214K-308K Annually,10 Days Ago
Arcadia,"Manager, Data Integration",,10 Days Ago
Arcadia,"Data Analyst, Customer Insights",,10 Days Ago
Legalist,Data Engineer,,6 Days Ago
TIDAL,"Data Scientist, TIDAL",100K-176K Annually,19 Days Ago
Webflow,Senior Data Scientist,143K-198K Annually,2 Hours Ago
Two Barrels LLC,Marketing Data Analyst,70K-70K Annually,10 Days Ago
NBCUniversal,SAP Data Migration Lead - BODS,150K-185K Annually,10 Days Ago
The Oakleaf Group,Junior Data Analyst (Finance),,8 Days Ago
Zeta Global,Big Data DevOps Lead,,10 Days Ago
ServiceNow,Staff Software Engineer - Big Data Federal,143K-250K Annually,11 Days Ago
Mediavine,Data Analyst II - (Remote - US),110K-120K Annually,13 Days Ago
Chainlink Labs,"Engineering Manager, Data Streams",,11 Days Ago
Chainlink Labs,Product Manager- Data Feeds,,11 Days Ago
Chainlink Labs,"Product Management Lead, Data Feeds",,11 Days Ago
GoodRx,Data Engineer II,96K-205K Annually,11 Days Ago
"Episource, LLC.","Manager, Data Operations",130K-165K Annually,6 Days Ago
Yieldmo,Business Intelligence Engineer,125K-155K Annually,Yesterday
Two Barrels LLC,Senior Data Engineer,150K-150K Annually,11 Days Ago
RevOpsforce,Data Scientist (Contract),,Yesterday
BlackLine,"Director, Artificial Intelligence (AI)",201K-312K Annually,2 Days Ago
1upHealth,Data Implementation Engineer,,11 Days Ago
Block,"Security Governance Partner - Machine Learning/Data Science, Cash App",126K-223K Annually,11 Days Ago
Atlassian,"Senior Data Scientist, Customer Analytics",145K-233K Annually,11 Days Ago
Merck,Network Capacity Planning Data Analyst (Hybrid - TX or NJ),83K-131K Annually,11 Days Ago
ServiceNow,"Sr. Manager, Data Platform Software Engrg Mgmt",173K-304K Annually,11 Days Ago
Zeta Global,Data Cloud Solutions Consultant,70K-100K Annually,11 Days Ago
dbt Labs,Senior Data Analyst (Product),168K-200K Annually,11 Days Ago
Samsara,Senior Data Engineer,121K-204K Annually,11 Days Ago
GoodRx,Principal Software Engineer (Data),135K-288K Annually,11 Days Ago
Immuta,"Senior Software Engineer, Data Platform Integrations",,11 Days Ago
TransUnion,Lead Data Solution Architects,,11 Days Ago
GRAIL,Staff Data Engineer (San Diego) #3378,180K-202K Annually,11 Days Ago
Immuta,"Software Engineer, Data Platform Integrations",,11 Days Ago
Clari,"Principal Software Engineer, Data Platform - Remote",191K-287K Annually,11 Days Ago
Clari,"Principal Software Engineer, Data Platform - Remote",172K-258K Annually,11 Days Ago
Qualified,Senior Product Manager - Data,170K-190K Annually,2 Days Ago
Block,"Senior Data Scientist, Fraud Risk",121K-213K Annually,11 Days Ago
Merck,Senior Specialist - Data Modelling Analyst,101K-159K Annually,16 Days Ago
Samsara,Senior Data Scientist - Data Visualization,123K-207K Annually,13 Days Ago
Swish Analytics,NFL Data Scientist,133K-175K Annually,4 Days Ago
Dropbox,"Staff, Data Scientist",211K-285K Annually,11 Days Ago
Atlassian,"Data Scientist, Confluence",126K-203K Annually,11 Days Ago
StraighterLine,"Analyst, Customer Data Insights",,5 Days Ago
Mondelēz International,Solutions Architect,,4 Days Ago
ServiceNow,Data Center Engineer - Liquid Cooling/GPU-GenAI,,11 Days Ago
Ascendco Health,Data Specialist,,20 Days Ago
Alma,Senior Data Platform Engineer,160K-200K Annually,12 Days Ago
Stripe,"Staff Data Analyst, Growth",,3 Days Ago
BlueConduit,Data Scientist,,14 Hours Ago
Octane,"Manager, Collections Risk Strategy",110K-145K Annually,Yesterday
VICTORY,Data Scientist,,An Hour Ago
ServiceNow,Staff Software Engineer - Front End - Data,143K-250K Annually,12 Days Ago
MetLife,Lead Data Analyst - Infrastructure Security,,14 Days Ago
Atlassian,"Principal Data Scientist, WM4A (Work Management For All)",167K-268K Annually,12 Days Ago
Workiva,Lead Data Management Consultant (Platform Scripting),110K-187K Annually,24 Days Ago
Level,Data Analyst,118K-128K Annually,11 Days Ago
MongoDB,"Manager, Data Science",143K-281K Annually,3 Days Ago
PwC,"SAP SuccessFactors Data Migration Lead & Employee Central, Senior Associate",,12 Days Ago
ZoomInfo,"Manager, Data Science",192K-264K Annually,3 Days Ago
Workiva,Senior Data Integration Consultant,87K-148K Annually,12 Days Ago
Pfizer,Staff Analytics Data Engineer - Commercial Analytics Engineering,149K-249K Annually,12 Days Ago
Smartsheet,Sr. Data Scientist,110K-173K Annually,3 Days Ago
Demandbase,Staff Data Scientist,169K-272K Annually,3 Days Ago
Northbeam,Staff Data Scientist,,2 Days Ago
Zayo,Senior Data Product Engineer,137K-160K Annually,12 Days Ago
Integral Ad Science,Senior Data Analyst,100K-172K Annually,12 Days Ago
Mondelēz International,"Sr Product Manager, Data Product",,12 Days Ago
Workiva,Senior Data Engineer,79K-134K Annually,12 Days Ago
System1,"Project Manager, Data Engineering",115K-144K Annually,12 Days Ago
CrowdStrike,"Sr. Software Engineer, Data Query Platform (Remote)",130K-205K Annually,12 Days Ago
Liftoff,Staff Software Engineer - Data Platform,146K-230K Annually,12 Days Ago
CrowdStrike,"Sr. Data Analyst, Product Telemetry (Remote)",90K-150K Annually,12 Days Ago
ServiceNow,Senior Principal Product Manager - Data Stream Processing,285K Annually,12 Days Ago
Ontra,Senior Data Engineer,154K-216K Annually,12 Days Ago
Stripe,Data Analyst,,7 Days Ago
Skillsoft,Principal Enterprise Data Architect,140K-190K Annually,12 Days Ago
Block,Staff Data Scientist - Marketing,146K-258K Annually,13 Days Ago
Vizion,Senior Data Scientist,155K-180K Annually,12 Hours Ago
ServiceNow,"Engineering Manager, Data Platform - Data Streaming",261K Annually,13 Days Ago
GOAT Group,Senior Data Engineer II,165K-216K Annually,9 Days Ago
Cruise,"Staff Software Engineer, ML Data Platform",175K-258K Annually,13 Days Ago
Clover Health,Staff Data Scientist,,2 Days Ago
Skillsoft,Summer Internship - Enterprise Data & Analytics,,13 Days Ago
ServiceNow,Senior Staff Product Manager-Data and Analytics,181K-317K Annually,13 Days Ago
Netflix,"Senior Data Scientist (L5), Games",170K Annually,2 Days Ago
Fingerprint,Data Analytics Engineer,,2 Days Ago
intive,Senior Data Engineers,,3 Days Ago
Verisys,Business Intelligence Data Analyst,,9 Days Ago
PwC,"SAP SuccessFactors Data Migration & Integration Suite Architect, Manager",,13 Days Ago
PwC,"SAP SuccessFactors Data Migration & Learning Management Architect, Senior Manager",,13 Days Ago
PwC,"SAP SuccessFactors Data Migration & Integration Suite, Senior Associate",,13 Days Ago
Bonterra,Senior Data Scientist,113K-150K Annually,14 Days Ago
Netflix,Data Scientist (L5) - Games Discovery and Research,170K-720K Annually,2 Days Ago
WeLocalize,Data Analyst,,5 Days Ago
Fundraise Up,"Senior Manager of GTM Data, Strategy, and Insights, Europe, Remote",38K-66K Annually,27 Minutes Ago
People Data Labs,Data Analyst,,9 Days Ago
Coalition,"Senior Data Scientist, Marketing & Operations Analytics",105K-158K Annually,3 Days Ago
NucleusTeq,Data Engineer,,An Hour Ago
NucleusTeq,Big Data Operations Manager,,An Hour Ago
NucleusTeq,Google Cloud Big-Data & Python Engineer,,An Hour Ago
Stable Auto,Data Scientist,,2 Hours Ago
Rocket Money,Senior Data Scientist,,2 Days Ago
PSI CRO,Lead Data Manager,,6 Days Ago
CareJourney,Lead Data Analyst - Alternative Payment Models,,4 Hours Ago
Unqork,Staff Software Engineer (Platform Data),173K-259K Annually,13 Hours Ago
Helix,Staff Software Engineer - Data Platform,,13 Hours Ago
BioRender,"Senior/Staff Data Scientist, Product Growth",,2 Days Ago
PwC,E&C Compliance Monitoring Data Scientist,,24 Days Ago
Barbaricum,Junior Data Scientist,,19 Hours Ago
OmniData,Senior Data Scientist,,Yesterday
MetLife,Senior Data Scientist NLP and GenAI,,14 Days Ago
Verusen,Data Onboarding Consultant,,21 Hours Ago
Candex,Associate Data Analyst,,2 Days Ago
Factored,Data Engineer (Scala),,22 Hours Ago
H1,Senior Data Engineer,140K-170K Annually,23 Hours Ago
Braviant Holdings,Lead Data Scientist,,13 Days Ago
PwC,E&C Business Intelligence Analyst Senior Manager,,Yesterday
EquipmentShare,Senior Data Engineer,,Yesterday
Doximity,"Software Engineer, Data",150K-180K Annually,23 Days Ago
Gartner,"Data and Analytics Finance Expert, Gartner Analyst - Remote US",,Yesterday
ShyftLabs,Data Scientist,,3 Days Ago
AmerisourceBergen,Data Visualization Specialist III  (remote),84K-121K Annually,8 Days Ago
GitLab,"Fullstack Engineer, Data Stores: Tenant Scale",98K-210K Annually,15 Days Ago
Optimism,"Senior Software Engineer, Data",,Yesterday
GetScale,"Manager, Platform Operations & Data",,Yesterday
Veritone,Principal Data Scientist - AI Labs,176K Annually,15 Days Ago
BlueLabs Analytics,Polling Data Scientist,80K Annually,Yesterday
CB Insights,"Product Manager, Data Science",105K-133K Annually,Yesterday
Kin Insurance,"Engineering Manager, Data Engineering",,Yesterday
3Cloud,"Senior Consultant, Data Science",90K-150K Annually,Yesterday
Magellan Health,Principal Data & Integration Engineer - Fully Remote,105K-179K Annually,Yesterday
Applied Systems,"Vice President, Corporate Data Services",,15 Days Ago
Circle,Senior Site Reliability Engineer - Data Infrastructure,148K-228K Annually,Yesterday
ICON plc,Data Management Trial Manager - Remote Based in US,,Yesterday
Pinterest,"Sr. Data Scientist, Growth",123K-254K Annually,8 Days Ago
EquipmentShare,Financial Data Analyst,,Yesterday
Voltron Data,"Senior C++ Software Engineer, Data Engines",171K-210K Annually,Yesterday
Headspace,Staff Data Engineer,131K-190K Annually,Yesterday
NBCUniversal,"Staff Data Platform Engineer (GCP, BigQuery)",130K-170K Annually,15 Days Ago
Analytics8,Data and Analytics Staff Consultant,,19 Days Ago
GitLab,"Backend Engineer, Data Stores: Global Search",,15 Days Ago
GitLab,Staff Data Security Engineer,,15 Days Ago
Seneca Holdings,Data Management Specialist,,Yesterday
NavAide,Senior Data Engineer - Advana/Jupiter - Secret Clearance,,13 Days Ago
Teamshares,Data Science Manager,,15 Days Ago
3Cloud,Senior Data Engineer - Data Platform - Managed Services,110K-135K Annually,Yesterday
Amount,Data Analyst,99K-132K Annually,Yesterday
Arcadia,"Senior Analyst, Analytics",,4 Days Ago
Avero,"Software Engineer, Data",95K-105K Annually,Yesterday
Donnelley Financial Solutions,Operations Data Analytics Senior- Remote,,Yesterday
Membersy,Data Analyst,75K-95K Annually,4 Days Ago
Pachama,Staff Data Engineer,117K-186K Annually,Yesterday
ZipRecruiter,"Software Engineer, Big Data",,Yesterday
Discord,Senior Data Engineer - Advertising,183K-202K Annually,Yesterday
Simple Technology Solutions,Data Engineer,,Yesterday
SageSure,"Data Product Owner, Compliance",,Yesterday
Correlation One,Staff Data Scientist,,Yesterday
AccuWeather,Data Engineer II,,Yesterday
Rec Room,"Staff Data Scientist, App Performance",159K-216K Annually,Yesterday
Rackspace Technology,Sr Big Data Engineer Airflow and Oozie (GCP),,2 Days Ago
DAS42,Junior Data Engineer,,2 Days Ago
Health-E Commerce,Marketing Data Analyst,85K-105K Annually,2 Days Ago
Guild,Sr. Data Quality Analyst (Remote),100K-113K Annually,2 Days Ago
Aledade,"Staff Software Engineer - Data Infrastructure - (Permanent Remote, US)",,2 Days Ago
Guidepoint,Lead Data Product Manager,150K-200K Annually,2 Days Ago
Harley-Davidson Motor Company,"Enterprise Architect, Data & Analytics - Remote",117K-186K Annually,2 Days Ago
Mango Languages,French Content Editor and Linguistic Data Analyst (Remote Independent Contractor),,2 Days Ago
Ankura,"Site Reliability Software Developer, Data & Technology (Remote)",,2 Days Ago
Ankura,"Site Reliability Engineer, Data & Technology (Remote)",,2 Days Ago
Ankura,"Senior Associate, Data & Technology, Data Strategy Analyst (Remote)",155K Annually,2 Days Ago
Humana,Senior Enterprise Architect (remote virtual),115K-159K Annually,2 Days Ago
KnowBe4,Order Processor/Administrative Assistant/Data Entry (Remote),,2 Days Ago
Galileo,Marketing Data Analyst,145K Annually,2 Days Ago
hims & hers,"Data Analyst, Marketing",90K-117K Annually,2 Days Ago
Verusen,Data Scientist,,2 Days Ago
mParticle,"Technical Product Marketing Manager, Data",160K-175K Annually,2 Days Ago
Talkspace,Data Analyst,,2 Days Ago
HealthVerity,Data Integrations Analyst,70K-190K Annually,5 Days Ago
JustWatch,ML & Data Science - Engineer (All levels),,2 Days Ago
APrime Technology,Senior Software Engineer - Data Science / Data Engineering,150K-180K Annually,2 Days Ago
Ylopo,Data Engineer & Systems Support,,15 Days Ago
Hitachi Vantara,Pentaho Product Marketing Manager - Data Management,,2 Days Ago
Databricks,Customer Cloud & Data Engineer - Public Sector,77K-136K Annually,2 Days Ago
Quince,Data Analyst,,2 Days Ago
Butter Payments,"Software Engineer, Data",112K-235K Annually,2 Days Ago
Factored,Senior Data Engineer,,2 Days Ago
Gemini,Principal Data Engineer,172K-241K Annually,2 Days Ago
Snowflake,"Partner Sales Engineer, Data Cloud Product Partners - Data Integration",,2 Days Ago
Network Coverage,Data Engineer,,2 Days Ago
Quisitive,Azure Data Architect,,2 Days Ago
Prestige Development Group,Distinguished Engineer - Enterprise Data (Fully Remote),,2 Days Ago
SponsorUnited,Data Solutions Engineer,,2 Days Ago
1Password,"Manager, Data Platform Engineering",152K-230K Annually,2 Days Ago
Varo Bank,Sr. Data Engineer,140K-180K Annually,2 Days Ago
Upstart,"Senior Data Scientist, Growth",150K-207K Annually,2 Days Ago
Model N,"Associate Regional Sales Manager – High Tech, Channel Data Management",,2 Days Ago
"Willow Innovations, Inc.",Data Analytics Engineer,90K-108K Annually,7 Days Ago
Honest Medical Group,"Director, Data Services",,2 Days Ago
Schoolytics,Educational Data Analyst,,2 Days Ago
Upstream USA,"Upstream USA: Be A Part Of Our Talent Community (Finance, Accounting, Human Resources, Data & Technology, Communications and Development)",,2 Days Ago
ClickUp,"Principal Backend Engineer, Data Platform",240K-290K Annually,2 Days Ago
Attentive,"Data Analyst, Strategy & Operations",90K-135K Annually,2 Days Ago
Discord,"Senior Staff Software Engineer, Data and ML Platform",256K-279K Annually,2 Days Ago
BioRender,Data Engineer (Senior / Staff),,2 Days Ago
Five9,Senior Data Engineer,106K-197K Annually,2 Days Ago
WEKA,WEKA Data Platform Administrator,,2 Days Ago
Jobscan,Senior Data Engineer,140K-175K Annually,11 Days Ago
Openmesh,Senior Big Data Specialist,,2 Days Ago
Merck,"Associate Director, Data Science - Graph Neural Network and AI Researcher",,16 Days Ago
Calm,Data Engineer,159K-223K Annually,16 Days Ago
Axios,Data Analyst II,95K-115K Annually,15 Days Ago
Pano,Geospatial Data Analyst,80K-86K Annually,5 Days Ago
TRM Labs,"Senior Manager, Data Science",195K-250K Annually,2 Days Ago
Jenzabar,Senior Data Conversion Consultant,58K-79K Annually,2 Days Ago
WillowTree,"VP, Business Development - Data & AI",,2 Days Ago
Five9,"Manager, Data Engineering",131K-253K Annually,2 Days Ago
Archive,Data Engineer,,2 Days Ago
CertiK,"Crypto, Data Collection, & Labeling Investigator",,2 Days Ago
"Quest Analytics, LLC","Senior Product Manager, Performance Data Solutions",,2 Days Ago
Anomali,Data Ingestion Engineer - SIEM (US Remote),,2 Days Ago
Instacart,"Senior Data Engineer, Finance",192K-213K Annually,16 Days Ago
City National Bank,Business Intelligence (BI) Developer,92K-157K Annually,3 Days Ago
Admios,Python Data Engineer,,2 Days Ago
Wolters Kluwer,Senior Data Architect (Principal Enterprise Architect) - Remote R0038318,,2 Days Ago
Insider Inc,"Senior Director, Advertising Data Platforms",140K-155K Annually,2 Days Ago
Omada Health,"Senior Data Analyst, Client Analytics",138K-192K Annually,5 Days Ago
Mammoth Growth,Data Analyst,,2 Days Ago
Memora Health,"Senior Data Analyst, Program Impact and Optimization",125K-155K Annually,2 Days Ago
DISCO,"Staff Software Engineer, Data Platform",,2 Days Ago
ZipRecruiter,"Software Engineering Manager, Data Tools",140K-227K Annually,3 Days Ago
Earnin,Staff Data Engineer,176K-262K Annually,3 Days Ago
Natera,Senior Data Engineer,111K-138K Annually,3 Days Ago
edX,Multiple Roles - Data Visualization Student Support,,3 Days Ago
Weights & Biases,Data Analyst,99K-128K Annually,17 Days Ago
Attentive,"Senior Software Engineer, Data Lake Platform",160K-225K Annually,3 Days Ago
Circle,"Data Engineer, Financial Data",120K-163K Annually,13 Days Ago
Reddit,"Senior Software Engineer, Data Processing & Workflow Foundations",191K-267K Annually,3 Days Ago
Northbeam,"Staff Software Engineer, Data",,3 Days Ago
HeartFlow,"Sr. Analyst, Commercial Data Analytics",95K-142K Annually,3 Days Ago
Talkspace,Business Intelligence Data Analyst,115K-140K Annually,3 Days Ago
Coinbase,"Associate, Compliance Technology Data Science",127K-150K Annually,3 Days Ago
Dave Inc.,"Manager, Data Science Platform Engineering",169K-271K Annually,3 Days Ago
Inspira Financial,Sr. Data Engineer (Remote),,17 Days Ago
AE Studio,Data Scientist,120K-220K Annually,3 Days Ago
Fortra,Account Executive - Data Protection - Mid Atlantic,,3 Days Ago
Faire,Senior Data Scientist - Search & Recommendation,156K-238K Annually,3 Days Ago
Bellese Technologies,"Staff Engineer, Data Architect",,12 Days Ago
Mattermost,Data Analytics Engineer (Remote),,6 Days Ago
Netflix,Data Engineer (L5),170K Annually,3 Days Ago
Netflix,Data Engineer (L5) - Ads,170K Annually,3 Days Ago
Edge & Node,"Data Engineer, Rust",,3 Days Ago
Airbnb,"Staff Software Engineer, Community Support Data Platform",200K-254K Annually,3 Days Ago
DEPTÂ,Data Engineer - Python  | Data & Engineering Team,80K-115K Annually,3 Days Ago
Northbeam,Staff Data Analyst,,3 Days Ago
Mactores,AWS Data Architect (Freelancer),,3 Days Ago
Discord,Senior Software Engineer - Data Platform,214K-233K Annually,3 Days Ago
Anchorage Digital,Financial Systems and Data Analytics Lead,155K-215K Annually,3 Days Ago
Anchorage Digital,Member of Financial Systems and Data Analytics,105K-150K Annually,3 Days Ago
NBCUniversal,Sr Cyber Data Systems Engineer,100K-130K Annually,17 Days Ago
Braintrust,Data Scientists - AI Training - Freelance [Remote],,3 Days Ago
Constant Contact,Senior Principal Engineer -  Backend Customer Data Platform,155K-194K Annually,3 Days Ago
OneSignal,"Staff Software Engineer, User Data Team",160K-180K Annually,3 Days Ago
Attentive,"Software Engineer, Data",125K-185K Annually,3 Days Ago
Beckman Coulter Diagnostics,"Lead Algorithm/Data Architect, Artificial Intelligence - USA Remote",150K-170K Annually,3 Days Ago
CAI,Data Center Commissioning Senior Project Manager,128K-151K Annually,3 Days Ago
Beckman Coulter Life Sciences,"Lead Algorithm/Data Architect, Artificial Intelligence - USA Remote",150K-170K Annually,3 Days Ago
GoodLeap,Senior Data Engineer,130K-160K Annually,3 Days Ago
Precision Medicine Group,"Vice President, Primary Data Collection",165K-235K Annually,3 Days Ago
Komodo Health Inc.,Data Product Manager,117K-196K Annually,3 Days Ago
Prodege LLC,"Sr. Analyst, Data Visualization",75K-95K Annually,4 Days Ago
Airbnb,Senior Data Scientist - Search & Personalization,174K-214K Annually,4 Days Ago
Arbol,Senior Data Scientist  (Actuary),150K-180K Annually,6 Days Ago
Arine,Health Outcomes Data Scientist,130K-150K Annually,6 Days Ago
Thyme Care,Senior Data Scientist - Care Model Insights,135K-150K Annually,9 Days Ago
doola,Data Analyst (Remote),,3 Days Ago
Ambit Inc,Senior Data Engineer (Pharma/BioPharma),145K-170K Annually,3 Days Ago
Circle,"Senior Data Scientist, Blockchain",148K-195K Annually,4 Days Ago
Faire,Staff Data Scientist - Search,156K-279K Annually,3 Days Ago
Apollo GraphQL,"Sr. Director of Engineering, Graph Data Plane",270K-360K Annually,3 Days Ago
CFGI,Data & Analytics - Senior Manager,,3 Days Ago
CFGI,Data & Analytics - Manager,,3 Days Ago
CFGI,Data & Analytics - Consultant,,3 Days Ago
Vianai Systems,Data Scientist,,3 Days Ago
Weedmaps,"Interested in future Tech positions? (Engineering, IT, Data, Product, Design)",,3 Days Ago
JuiceMedia.AI,Senior Data Scientist,84K-137K Annually,19 Days Ago
Braintrust,Data Scientist (with Marketing Data Science experience) - Freelance,,3 Days Ago
Wurl,Data QA Engineer,121K-167K Annually,3 Days Ago
Veda Data Solutions,Senior Data Engineer,,3 Days Ago
Komodo Health Inc.,Data Engineer,117K-194K Annually,3 Days Ago
Syapse,Data Scientist - Research & Analytics,125K-163K Annually,3 Days Ago
OneSignal,"Senior Software Engineer, User Data Team",160K-180K Annually,3 Days Ago
Netflix,Data Engineer (L5) - Privacy,170K Annually,3 Days Ago
Netflix,Data Engineer (L4) - Privacy,100K Annually,3 Days Ago
Nagarro,"Associate Principal Engineer, Big Data",,5 Days Ago
"Rubrik, Inc.",Principal Product Manager - M365 Data Protection Portfolio,129K-268K Annually,3 Days Ago
Abnormal Security,Senior Data Analyst,,3 Days Ago
Abnormal Security,Software Engineer II - Data Platform,147K-173K Annually,3 Days Ago
Seismic,Senior Product Manager (Analytics & Data),,3 Days Ago
HashiCorp,Data Architect,179K-252K Annually,3 Days Ago
Veeam,Veeam Data Cloud M365 Sales Specialist – West,100K-264K Annually,3 Days Ago
SentinelOne,*Solutions Engineer - Data,,3 Days Ago
SentinelOne,*Enterprise Sales Representative - Data,,3 Days Ago
Bolt,Engineering Manager - Data + ML,,3 Days Ago
3Cloud,Senior Project Manager - Data & AI,90K-150K Annually,3 Days Ago
Greenlight,"Data Analyst, Acquisition Marketing",80K-115K Annually,3 Days Ago
Coinbase,Data Scientist,140K-206K Annually,3 Days Ago
Webflow,"Senior Data Engineer, Data Platform",143K-198K Annually,3 Days Ago
Fathom,Senior Software Engineer (Backend/Data),,3 Days Ago
Ensono,Senior Data Centre Operations Analyst - (Consultant),,3 Days Ago
Tekmetric,Data Engineer,,3 Days Ago
Accompany Health,Senior Data Engineer,,3 Days Ago
EverBright,Data Scientist,,3 Days Ago
Sotheby's,"Snowflake, Data Architect",,3 Days Ago
Inovalon,Senior Azure Data Engineer - Contractor,,3 Days Ago
Iterable,Staff Data Engineer,149K-230K Annually,3 Days Ago
"Modernize Home Services, a QuinStreet vertical",Senior Data Analyst,80K-130K Annually,3 Days Ago
Spring Health,Senior Analytics Engineer,194K Annually,2 Days Ago
Veritone,Data Operations Architect,126K Annually,17 Days Ago
Fortra,Lead Data Engineer,,3 Days Ago
hims & hers,Data Architect,245K-275K Annually,3 Days Ago
Bounteous,"Senior Director, Data Strategy (Personalization)",180K-225K Annually,17 Days Ago
Bounteous,"Director, Data Strategy (Data Warehousing & Reporting)",157K-210K Annually,17 Days Ago
Tropic,Senior Data Analyst,130K Annually,24 Days Ago
Dandi Technologies,Senior Data Engineer,,3 Days Ago
BrightAI,Data Scientist,,17 Days Ago
Included Health,Senior Data Science Manager,,15 Days Ago
Renaissance,Data Analyst,51K-70K Annually,3 Days Ago
Enveritas,Data Scientist,110K-130K Annually,9 Days Ago
Capital One,Senior Distinguished Engineer (Enterprise data storage and consumption platforms) (Remote-Eligible),272K-367K Annually,17 Days Ago
Fanduel,Staff Data Engineer - Security,158K-208K Annually,4 Days Ago
The Oakleaf Group,Data Reporting Analyst (Finance),,4 Days Ago
Radiant Digital,Director Data and Infrastructure,,4 Days Ago
DAS42,Data Engineer,170K Annually,4 Days Ago
DAS42,Sr. Data Engineer,170K Annually,4 Days Ago
Xealth,"Senior Product Manager, Clinical Data & AI",,4 Days Ago
Greenlight Financial Technology,"Data Analyst, Acquisition Marketing",80K-115K Annually,4 Days Ago
Nymbl Science,Lead Data Analytics Engineer,130K-150K Annually,9 Days Ago
TransUnion,Marketing Data Scientist,95K-156K Annually,23 Days Ago
Care Access,Data Analyst,,4 Days Ago
Tempus Ex,"Senior Software Engineer, Data Infrastructure",,4 Days Ago
Rialtic,"Senior Software Engineer, Data",,4 Days Ago
Lumos Labs (Lumosity),Sr. Data Engineer (Temporary Contractor),,4 Days Ago
Stripe,"Engineering Manager, Core Data Infrastructure",,4 Days Ago
Thyme Care,Senior Data Scientist: Health Economics,160K-180K Annually,4 Days Ago
WorkWave,Data Conversion Specialist,55K-65K Annually,4 Days Ago
Discord,"Senior Data Science Manager, Analytics",263K-290K Annually,6 Days Ago
Cherre,"Data Scientist, Remote",130K-150K Annually,11 Days Ago
Razorhorse Capital,Data Analyst/Engineer,,17 Days Ago
Niche,Lead Data Platform Engineer/Architect,131K-164K Annually,4 Days Ago
Endpoint,Senior Data Insights Analyst,140K-170K Annually,18 Days Ago
Marcus & Millichap,ERP Data Architect,,13 Days Ago
Gauntlet,Data Scientist,150K-180K Annually,13 Days Ago
Aperture Health,Business Intelligence Data Analyst,,9 Days Ago
Curology,"Data Analyst, Product",100K-150K Annually,5 Days Ago
Flipside Crypto,Senior Data Engineer,,4 Days Ago
Qcells,Sr. Data Engineer,115K-140K Annually,4 Days Ago
Mom's Meals,Azure Data Engineer II,79K-103K Annually,4 Days Ago
NBCUniversal,CDE Data Engineer,100K-135K Annually,18 Days Ago
Databricks,Specialist Solutions Architect - Data Intelligence Platform,169K-299K Annually,4 Days Ago
Abnormal Security,Engineering Manager - Data Platform,188K-221K Annually,4 Days Ago
Circle,Senior Site Reliability Engineer - Data Infrastructure,148K-228K Annually,4 Days Ago
Circle,Senior Data Scientist - Machine Learning,148K-195K Annually,4 Days Ago
Circle,"Senior Data Engineer, Web3",148K-195K Annually,4 Days Ago
Circle,Compliance Data & Reporting Manager,145K-193K Annually,4 Days Ago
Nagarro,"Senior Engineer, Data Analytics",,5 Days Ago
Cambridge Spark,Data Mentor,,4 Days Ago
Origin,Principal Product Manager,,4 Days Ago
Bridgeway Benefit Technologies,Data Engineer,,4 Days Ago
Sakon,Data and Voice Provisioner,,4 Days Ago
Railroad19,Scala Data Engineer - (U.S. remote),140K-170K Annually,5 Days Ago
Airbnb,"Senior Data Scientist - Inference, Marketing Technology",174K-214K Annually,6 Days Ago
Codesmith,Career Support Engineer (Data Structures and Algorithms),,5 Days Ago
CertiK,"Crypto, Data Collection, & Labeling Investigator",,5 Days Ago
Mural,"Engineering Manager, Data Platform",187K-234K Annually,5 Days Ago
F&G,Data Modeler,,13 Days Ago
Nagarro,"Staff Engineer, Data Science",,5 Days Ago
Nagarro,"Staff Engineer, Big Data",,5 Days Ago
TrueCar,"Software Engineer 3, Data - Remote",116K-178K Annually,5 Days Ago
Graphite Health,Data Pipeline Engineer,,5 Days Ago
Nagarro,Senior Staff Engineer - Data Engineering,,5 Days Ago
Nagarro,"Principal Engineer, Data Science",,5 Days Ago
Nagarro,SAP Development (Data Migration Cockpit),,5 Days Ago
Kalderos,Senior Data Engineer,145K-175K Annually,19 Days Ago
User Interviews,Marketing & Operations Data Analyst II,95K-110K Annually,5 Days Ago
Tailscale,Director of Data,222K-278K Annually,5 Days Ago
Aledade,"Senior Software Engineer I  - Data Infrastructure (Permanent Remote, US)",,5 Days Ago
Passage,"Manager, Data Platform Engineering",152K-230K Annually,5 Days Ago
CoreTrust,Senior Data Analytics Engineer,,17 Days Ago
Merck,"Manager, Operations and Reference Data Management, Global Clinical Data Standards",165K-259K Annually,19 Days Ago
KnowBe4,Data Scientist - Python (US Remote),110K-120K Annually,6 Days Ago
NerdWallet,Senior Data Engineer,136K-252K Annually,17 Days Ago
Postscript,"Backend Engineer, Subscriber Data Platform",143K-167K Annually,5 Days Ago
Federato,Data Engineer,140K-170K Annually,5 Days Ago
Marqeta,"Senior Product Manager, Data",103K-172K Annually,5 Days Ago
ActBlue,"Staff Software Engineer, Big Data",192K-217K Annually,19 Days Ago
Butter,Product Data Scientist,112K-235K Annually,16 Days Ago
Omnidian,Senior Data Warehouse Engineer,117K-159K Annually,5 Days Ago
Galileo,"Sr. Software Engineer, Data Engineering",185K Annually,5 Days Ago
Angi,Data Platform Engineer,110K-175K Annually,5 Days Ago
JWP (JW Player),"Software Engineer - Backend, Data Team",,5 Days Ago
JWP (JW Player),"Senior Software Engineer - Backend, Data Team",,5 Days Ago
Faire,Staff Data Scientist - Personalization,189K-288K Annually,5 Days Ago
Faire,Senior Data Engineer,160K-244K Annually,5 Days Ago
Dotdash Meredith,"Executive Director, Data Products - D/Cipher",,19 Days Ago
Mattermost,Data Analytics Engineer (Remote),,20 Days Ago
Enveritas,Junior Data Analyst - Côte d'Ivoire,,9 Days Ago
Advanced Agrilytics,Data Architect,,5 Days Ago
Nagarro,Senior Data Engineer,,5 Days Ago
Nagarro,Lead Data Scientist,,5 Days Ago
Nagarro,"Associate Principal Consultant ,SAP Analytics Data Manageme",,5 Days Ago
Nagarro,Senior Salesforce Consultant (Marketing/Data Cloud),,5 Days Ago
Nagarro,"Associate Engineer, Data Science",,5 Days Ago
Nagarro,"Associate Staff Engineer, Big Data",,5 Days Ago
Nagarro,"Senior Staff Consultant ,SAP Analytics Data Manageme",,5 Days Ago
Nagarro,"Senior Staff Engineer, Data Science",,5 Days Ago
Nagarro,"Senior Staff Engineer, Big Data",,5 Days Ago
Nagarro,"Staff Consultant ,SAP Analytics Data Manageme",,5 Days Ago
Waabi,"Software Engineer, ML Pipelines, Data and Automation",109K-190K Annually,5 Days Ago
ServiceNow,Principal Data Architect,,19 Days Ago
Inovalon,Senior Product Marketing Manager (Real World Data),103K-130K Annually,6 Days Ago
EquipmentShare,People Data Engineer,,15 Days Ago
Enigma,Staff Data Scientist,180K-240K Annually,20 Days Ago
Xano,Finance Analyst Intern,,6 Days Ago
SentinelOne,Solutions Engineer - Data,134K-185K Annually,6 Days Ago
Circle,"Senior Data Scientist, Blockchain",148K-195K Annually,8 Days Ago
Seamless.AI,Principal Data Engineer - Remote US,,6 Days Ago
Ekimetrics,Manager in Marketing Analytics & Data Science - New York & Los Angeles,140K-140K Annually,6 Days Ago
Harley-Davidson Motor Company,"Enterprise Architect, Data & Analytics - Remote",117K-186K Annually,6 Days Ago
Merck,"Operations Manager, Global Data Operations",136K-213K Annually,20 Days Ago
Merck,2024 University Recruiting - Data-Rich Experimentation Co-op,40K-106K Annually,20 Days Ago
Secure Code Warrior,Senior Customer Data Insights Analyst,,6 Days Ago
FiscalNote,"Senior Account Executive, Risk Data and Advisory",,6 Days Ago
Bond-Pro,Product Manager - Data Engineering,,6 Days Ago
Enterra Solutions,Data Engineer,,6 Days Ago
Enterra Solutions,Senior Data Engineer,,6 Days Ago
Circle,"Senior Data Scientist, Blockchain",148K-195K Annually,6 Days Ago
Elsevier,"Product Manager, Data & Analytics (REMOTE - EST)",,6 Days Ago
Compass Group,DATA ENGINEER-REMOTE,120K-140K Annually,6 Days Ago
FirstEnergy,Data Engineer - Remote,,6 Days Ago
Oscar Health,Staff Data Engineer/Manager,192K-252K Annually,6 Days Ago
Cover Genius,Data Scientist,180K-245K Annually,6 Days Ago
Pearl Health,Principal Data Scientist,,15 Days Ago
ZoomInfo,"Manager, Data Science",192K-264K Annually,15 Days Ago
Codecademy (a Skillsoft company),Sr. Instructional Designer - Data Science / AI,80K-100K Annually,6 Days Ago
Oscar Health,"Data Scientist I, Contracts & Out of Network",119K-156K Annually,9 Days Ago
NationsBenefits,"Manager, Data Analytics",,13 Days Ago
Pinterest,"Staff Data Scientist, Growth",174K-304K Annually,7 Days Ago
Known,"Data Scientist, Media Consultant",120K-130K Annually,11 Days Ago
Match Group,Senior Data Analyst,118K-142K Annually,6 Days Ago
Consensus Cloud Solutions,E-Commerce Data Analyst,105K Annually,20 Days Ago
Openly,"Data Engineer II (Remote, US)",132K-198K Annually,6 Days Ago
Boomi,"Product Manager, Data Integration - Hybrid",,6 Days Ago
Apollo.io,Sr. Product Analyst / Sr. Data Scientist,,6 Days Ago
TIFIN,"Staff LLM Data Scientist, Sage",190K-225K Annually,9 Days Ago
CoreWeave,"Director, Portfolio Operations - Data Center Operations",175K-250K Annually,20 Days Ago
Netflix,Climate Data Analyst,,6 Days Ago
NBCUniversal,Staff Data Engineer (Emerging Platforms),130K-170K Annually,20 Days Ago
Verra Mobility,Sales Operation/Data Analyst,,6 Days Ago
Unusual Ventures,Data Scientist - RenderWolf Ai,,6 Days Ago
Rackner,Principal Data Scientist,,10 Days Ago
LeafLink,Senior Data Analyst,100K-130K Annually,20 Days Ago
ZoomInfo,Senior Data Scientist,162K-202K Annually,6 Days Ago
Quince,"Director, Support Operations",,6 Days Ago
ClassDojo,Staff Data Platform Engineer,146K-244K Annually,6 Days Ago
hims & hers,Future Analytics & Data Science Opportunities,,17 Days Ago
Climavision,Data Engineer,,6 Days Ago
InStride,Data Engineer,145K-165K Annually,20 Days Ago
ViFive,Sr. Software Engineer (Data Engineering),,6 Days Ago
ViFive,Sr. Data Scientist,,6 Days Ago
Sustainment,Data Scientist,,6 Days Ago
Midi Health,Senior Data Analyst,,6 Days Ago
Radiant Digital,Director - Data and Infrastructure,,7 Days Ago
Headway,Senior Data Engineer,,21 Days Ago
Smartsheet,Sr. Data Scientist I,110K-173K Annually,10 Days Ago
Twin Health,Claims Data Integrations,150K-160K Annually,7 Days Ago
Wpromote,"Director, Data Analysis",120K-150K Annually,15 Days Ago
Stoic,Senior Data Analyst,100K-130K Annually,9 Days Ago
Metabase,Analytics Engineer (Data Scientist),,18 Days Ago
Extreme Networks,Staff Distributed Systems Engineer - Big Data (9262) Remote - US,150K-175K Annually,7 Days Ago
Extreme Networks,Principal Distributed Systems Engineer - Big Data (9259) - US Remote,175K-225K Annually,7 Days Ago
Datavant,"Senior Data Engineer, Implementation Lead",173K-215K Annually,7 Days Ago
MyFitnessPal,Data Engineering Manager,150K-170K Annually,7 Days Ago
Sesame,Data Architect,170K-185K Annually,7 Days Ago
Sesame,Data Engineer,160K-180K Annually,7 Days Ago
"Keeper Security, Inc.","Senior Program Manager, Data & Analytics",,21 Days Ago
Reddit,"Staff Data Scientist, Ads Experimentation",207K-289K Annually,7 Days Ago
Flex,Senior Software Engineer - Data Infrastructure,144K-179K Annually,7 Days Ago
Trunk,Senior Analytics Data Engineer,170K-210K Annually,7 Days Ago
SupraOracles,Data Research Analyst,,7 Days Ago
LTK,"Data Analyst, Sales & Brand Partnerships",,7 Days Ago
DriveWealth,Senior Data Platform Engineer,185K-200K Annually,7 Days Ago
Intus Care,Lead Data Product Manager,125K-150K Annually,7 Days Ago
GoFundMe,Staff Data Scientist,135K-180K Annually,15 Days Ago
Stripe,"Software Engineer, Growth Data Engineering",,7 Days Ago
Stripe,"Engineering Manager, Growth Data Engineering",,7 Days Ago
Caylent,Data Architect,,8 Days Ago
TTEC Digital,Senior Data Scientist - Remote U.S.,110K-140K Annually,12 Days Ago
Central California Alliance for Health,Data Analytics Services Director,,10 Days Ago
PrizePicks,Data Program Manager,,22 Days Ago
Swish Analytics,NHL Data Scientist,107K-175K Annually,15 Days Ago
Swirlds Labs,Manager / Senior Manager of Financial Operations: Systems and Data Transformation,,8 Days Ago
NinjaHoldings,Sr. Data Scientist,80K-160K Annually,22 Days Ago
Cofactr,"Senior Software Engineer, Data Team",160K-185K Annually,8 Days Ago
VALR,Fully Remote: Data and Analytics Engineer,,11 Days Ago
Vio.com,Senior Finance Data Analyst,,8 Days Ago
Wipfli,Senior Business Intelligence Consultant,75K-130K Annually,5 Days Ago
Fliff,Data Scientist,60K-100K Annually,10 Days Ago
DoiT International,Senior Data Engineer,,8 Days Ago
Henry Meds,"Manager, Data Analytics",,14 Days Ago
Dexcom,Sales Operations Data Engineer - Remote,106K-176K Annually,8 Days Ago
Material Bank®,Staff Ecommerce Data Scientist,,16 Days Ago
Turquoise Health,"Senior Product Manager, AI Analytics & Data Visualization",160K-180K Annually,8 Days Ago
Circle,"Senior Data Engineer, Web3",148K-195K Annually,8 Days Ago
Branch,Product Owner - Enterprise Data Platform,,8 Days Ago
Verana Health,Sr. Data Engineer,120K-160K Annually,8 Days Ago
Zeta Global,Analytics Manager - ZX,120K-140K Annually,10 Days Ago
Reddit,"Senior Software Engineer, Data Infrastructure",191K-267K Annually,8 Days Ago
Clear Capital,Sr. Data Architect,,8 Days Ago
Gauntlet,Software Engineer: Data & Models,150K-180K Annually,8 Days Ago
Epsilon,PhD Senior Research Data Scientist (Decision Sciences Identity Team) (Remote),,8 Days Ago
Epsilon,"Ph.D Data Scientist, R&D (Decision Sciences Identity Team) (Remote)",,8 Days Ago
Kin Insurance,Principal Software Engineer - Data,,13 Days Ago
BioRender,"Data Scientist, Analytics (Senior / Staff)",,11 Days Ago
Capital One,"Manager, Process Management - Data Management",109K-124K Annually,22 Days Ago
Soligent,Sales Operations Data Analyst,70K-85K Annually,8 Days Ago
Atlan,Senior Software Engineer - Data,,8 Days Ago
Buyers Edge Platform,Data Mapping Analyst,,8 Days Ago
Messari,Data Engineer,125K-185K Annually,8 Days Ago
Buyers Edge Platform,VP of Data Strategy,,8 Days Ago
dunnhumby,Applied Data Science Manager,,19 Days Ago
Mitratech,"Senior Product Manager, Data & Analytics",,8 Days Ago
Databricks,Sr. Data Scientist - GenAI & LLMs,125K-221K Annually,12 Days Ago
TIFIN,"Senior LLM Data Scientist, Sage",150K-190K Annually,9 Days Ago
"Plume Design, Inc",Senior Data Operations Engineer,130K-160K Annually,11 Days Ago
Pattern Data,Program Data Analyst,,9 Days Ago
AllTrails,"Senior Data Scientist, ML and Algorithms (Remote)",160K-190K Annually,9 Days Ago
Uniswap Labs,"Senior Data Scientist, Product",153K-187K Annually,9 Days Ago
Cohere Health,Principal Applied Scientist,170K-200K Annually,10 Days Ago
Brooks Running,Data Engineer II,115K-172K Annually,9 Days Ago
Tala,"Senior Data Scientist, Causal Inference",,9 Days Ago
Core Scientific,Staff Data Analyst,,9 Days Ago
Contravent,Data Analyst,,12 Days Ago
"AG Consulting Partners, Inc.",Data & Analytics Consultant,90K-120K Annually,12 Days Ago
Curology,"Associate Director, Data & Analytics",160K-205K Annually,9 Days Ago
Fanduel,Staff Data Engineer - Security,158K-208K Annually,9 Days Ago
Fanduel,Staff Data Engineer - Security,,9 Days Ago
The Nerdery,Sr. Data Engineer (Dialogflow CX),,9 Days Ago
Cohere Health,Business Intelligence Engineer,,6 Days Ago
Apellis Pharmaceuticals,"Senior Manager, Data Management",,13 Days Ago
Hopper,"Senior Data Analyst, Lodging",,16 Days Ago
Collectiv,Azure Data Platform Architect,,9 Days Ago
AKASA,Sr. Data Scientist,175K-205K Annually,11 Days Ago
Slingshot Aerospace,Chief Data and Information Officer,,9 Days Ago
VideaHealth,Artificial Intelligence / Data Science (Internship),,9 Days Ago
DaVita Kidney Care,"Remote Sr Analyst, Data Integration and Reporting",68K-100K Annually,9 Days Ago
Verantos,"Technical Lead, Data Engineering",,11 Days Ago
Chainlink Labs,"Growth Marketer, Data Analytics",,23 Days Ago
Deep 6 AI,Head of Data,220K-240K Annually,9 Days Ago
Mark43,Full Stack Engineer - Data Platform,135K-175K Annually,9 Days Ago
HubSpot,"Backend Engineering Lead, Data Warehouse Platform",,9 Days Ago
BlueLabs Analytics,Data Engineer II,95K-120K Annually,9 Days Ago
StreetLight Data,"Implementation Engineer for Connected Vehicle Data, Services",135K-165K Annually,9 Days Ago
Included Health,"Senior Software Engineer, Data Services",130K-232K Annually,9 Days Ago
Signify Health,Software Engineer - Enterprise Data,92K-160K Annually,9 Days Ago
HubSpot,"Senior Operations and Data Analyst, Insights & Pricing",,9 Days Ago
MTZ Solutionz,Data Processing/Data Entry Specialist,,9 Days Ago
Climavision,Junior Data Engineer,,9 Days Ago
Sonatus,Data Scientist,86K-267K Annually,9 Days Ago
Sonatus,Data Scientist,99K-300K Annually,9 Days Ago
Natera,MLS 1 Data Reviewer,,9 Days Ago
Reddit,"Staff Data Scientist, Safety Insights",207K-289K Annually,20 Days Ago
Extend,"Senior Data Scientist, Risk Analytics",125K-140K Annually,9 Days Ago
TIFIN,"Staff LLM Data Scientist, Magnifi",190K-225K Annually,10 Days Ago
Rackspace Technology,Data Science Engineer III- US,,9 Days Ago
Alkymi,Senior Data Scientist - Computer Vision and NLP,150K Annually,9 Days Ago
Gladly,Senior Data Analyst,134K-186K Annually,9 Days Ago
Stripe,"Internal Audit, Data Analytics Lead",,20 Days Ago
GameChanger,"Senior Data Analyst, Subscriptions + Finance",130K-150K Annually,23 Days Ago
Employer Direct Healthcare,Senior Data Engineer,,9 Days Ago
Aledade,"Technical Product Manager (Data Ingestion), Remote",,9 Days Ago
BlueLabs Analytics,Data Engineering Fellow,,9 Days Ago
dv01,Data Engineer II,150K-160K Annually,9 Days Ago
Quona Capital,Sr. Data Program Manager,111K-170K Annually,9 Days Ago
Parallel Learning,Senior Data Analyst,130K-160K Annually,10 Days Ago
Vimeo,Sr. Data Program Manager,111K-170K Annually,9 Days Ago
Paylocity,Manager Data Privacy (Privacy Engineering),125K-165K Annually,9 Days Ago
Enveritas,"Data & Insights Manager, Latin America",,9 Days Ago
MedeAnalytics,"Director, Data Engineering",200K-210K Annually,9 Days Ago
Frontdoor,Data Engineering Solutions Architect (Remote),160K-190K Annually,10 Days Ago
Mediaocean,Senior Data Engineer,,10 Days Ago
Muck Rack,Senior Data Scientist,140K-172K Annually,10 Days Ago
Niche,"Product Marketing Manager, Data Insights",91K-114K Annually,10 Days Ago
Komodo Health Inc.,"Senior Data Engineer, Partnerships (East Coast)",140K-233K Annually,10 Days Ago
dv01,"Data Analyst, Securitizations Reporting",75K-80K Annually,10 Days Ago
Slingshot Aerospace,Senior Data Engineer - Platform,155K-190K Annually,10 Days Ago
Rocket Money,"Senior Data Analyst, Platform Product",125K-150K Annually,10 Days Ago
Accompany Health,Principal Data Engineer,,10 Days Ago
Pluralsight,Data Operations Engineer,,24 Days Ago
Cherre,Senior Data Observability Engineer,155K-220K Annually,10 Days Ago
Cherre,Senior Data Architect,155K-220K Annually,10 Days Ago
Cherre,Senior Data Quality Engineer,155K-220K Annually,10 Days Ago
Cherre,"Data Engineer, Remote",,10 Days Ago
RS21,Data Engineering Team Lead,155K-185K Annually,10 Days Ago
3Pillar Global,Data Engineer,,10 Days Ago
NZXT,"Director, Data & Analytics",170K-190K Annually,11 Days Ago
Blue Cross and Blue Shield of Louisiana,Data Engineer (Remote),,10 Days Ago
Zelus Analytics,Data Engineer,75K-150K Annually,12 Days Ago
Phantom,Senior Data Engineer,190K-230K Annually,25 Days Ago
Venafi,"Data Engineer, Snowflake",,10 Days Ago
Validvere,Senior Data Engineer,,10 Days Ago
Validvere,Data Engineer,,10 Days Ago
Rialtic,Senior Software Engineer (Data Operations),,10 Days Ago
RVO Health,Senior Data Engineer,100K-165K Annually,12 Days Ago
Fetch,Data Architect,,10 Days Ago
Applied Systems,Sr. Data & Reporting Analyst,,24 Days Ago
NBCUniversal,Sr. SQL Data DBA - NBC Sports Next,,24 Days Ago
Juul Labs,"Data Scientist, Analytics Consumer Products",95K-167K Annually,13 Days Ago
Airbnb,Senior Data Engineer,185K-215K Annually,10 Days Ago
"T-Rex Solutions, LLC",Senior Software Engineer - Data Science,150K-230K Annually,10 Days Ago
SentinelOne,Enterprise Sales Representative - Data,124K-171K Annually,10 Days Ago
Codecademy (a Skillsoft company),Sr. Instructional Designer - Data Science,80K-100K Annually,10 Days Ago
Precise Solutions,Data Quality Analyst,110K Annually,10 Days Ago
Chainlink Labs,"Senior Engineer, Data",,24 Days Ago
TransUnion,Senior Analysts,,8 Days Ago
MedeAnalytics,Senior Data Engineer,130K-150K Annually,10 Days Ago
GOBankingRates,Principal Data Engineer,220K-240K Annually,10 Days Ago
Canoe,Asset Data Specialist,,24 Days Ago
EquipmentShare,Data Analyst,,10 Days Ago
Datavant,"Data Analyst, Risk Adjustment",150K-170K Annually,10 Days Ago
Green Dot Corporation,Remote - Data Engineering Manager (OLTP),98K-150K Annually,10 Days Ago
Alpaca,Senior Software Engineer - Market data,,11 Days Ago
Aver,Data Engineer (ETL Specialist),,22 Days Ago
Podium,Senior Data Scientist,,19 Days Ago
Fractal River,Software & Data Engineer (Remote - Latin America),,11 Days Ago
Two Barrels LLC,Marketing Data Analyst,70K-70K Annually,25 Days Ago
Two Barrels LLC,Senior Data Engineer,150K-150K Annually,25 Days Ago
"Quest Analytics, LLC",Client Data Services Consultant,,11 Days Ago
Charlie Health,Senior Data Engineer,,11 Days Ago
SoLo Funds,Lead Data Engineer,,11 Days Ago
Terazo,Senior Data Engineer,,11 Days Ago
EX Squared,Data Scientist,,19 Days Ago
Shift4,VP of Data Systems,,11 Days Ago
Cherre,Senior Data Engineer,120K-250K Annually,11 Days Ago
Scope3,Senior Data Scientist,,13 Days Ago
Haus.io,"Product Manager, Data Science",150K-200K Annually,11 Days Ago
Nascent,Platform Data Engineer,,11 Days Ago
Life House,Senior Data Engineer & Analyst,,19 Days Ago
TRM Labs,"Senior / Staff Software Engineer, Data Platform",,11 Days Ago
Inovalon,Data Visualization Developer,,11 Days Ago
Paxos,Senior Data Analyst,158K-186K Annually,11 Days Ago
Cars Commerce,Principal Product Manager (Data Platform),150K-187K Annually,11 Days Ago
Cars Commerce,Principal Data Engineer,150K-187K Annually,11 Days Ago
Nielsen,Data Engineer (01386),169K-185K Annually,11 Days Ago
Codecademy (a Skillsoft company),Data Analyst - Product,82K-105K Annually,13 Days Ago
Luma,Software engineer- Data Acquisition,170K-250K Annually,11 Days Ago
F&G,Data Quality Analyst,,11 Days Ago
Splash Financial,Senior Product Manager - Data Engineering,,11 Days Ago
ActiveCampaign,Senior Marketing Data Operations Specialist,96K-144K Annually,11 Days Ago
CompassX Group,Data Engineering Consultant,120K-160K Annually,11 Days Ago
Embrace,Data Engineer,,12 Days Ago
MAJORITY,Data Scientist - Risk Analytics,,22 Days Ago
"Pharmacy Data Management, Inc. (PDMI)",Lead Data / AI Engineer,,11 Days Ago
Latitude AI,"Senior Software Engineer, ML Data Pipeline",171K-235K Annually,11 Days Ago
Blueprint (bpcs.com),Data Engineering Development Manager,165K-207K Annually,11 Days Ago
ComplexCare Solutions,Data Visualization Developer,,11 Days Ago
Procare HR,HR Data Analyst,75K-85K Annually,11 Days Ago
MetroSys,PowerBI Consultant,,Yesterday
Danti,Senior Software Engineer - Data,,12 Days Ago
"Deepwatch, inc.",Senior Data Engineer,160K-200K Annually,12 Days Ago
PTP,Data Scientist - REMOTE,,12 Days Ago
Coinbase,Compliance Data Analyst,127K-150K Annually,12 Days Ago
APIXIO,Senior NLP Data Scientist,144K-176K Annually,13 Days Ago
Butter Payments,Product Data Scientist,112K-235K Annually,16 Days Ago
Nagarro,Associate Principal Consultant - Product Owner,,3 Days Ago
DEPTÂ,Data Analyst | Data & Engineering Team,90K-150K Annually,13 Days Ago
Fantasy,Group Director of Data Science and Technology,,12 Days Ago
Underdog Fantasy,Senior Data Engineer - Sportsbook,150K-190K Annually,12 Days Ago
Underdog Fantasy,Senior Data Engineer,150K-190K Annually,12 Days Ago
Turquoise Health,"Principal Product Manager, AI Analytics & Data Visualization",180K-210K Annually,12 Days Ago
Mammoth Growth,Senior Consultant - Data Analytics,,12 Days Ago
Consumer Edge,Data Analyst,135K-175K Annually,14 Days Ago
Raya,Senior Data Engineer,,13 Days Ago
SES AI Corp,Senior Data Scientist,,12 Days Ago
Health-E Commerce,Senior Data Engineer,125K-165K Annually,12 Days Ago
Employer Direct Healthcare,"Product Manager, Applied Data",,12 Days Ago
Nightfall AI,Senior Data Engineer,,15 Days Ago
Fathom,Senior Software Engineer (Backend/Data),175K-220K Annually,12 Days Ago
Glooko,Data Analyst,,12 Days Ago
Incubeta,"VP, Tech & Data",,12 Days Ago
Genex,GIS Data Architect/ Engineer,,12 Days Ago
Wpromote,"Manager, Data Strategy",65K-90K Annually,12 Days Ago
Swish Analytics,Project Manager - Data Science,90K-120K Annually,12 Days Ago
1047 Games,Senior Data Analyst,,12 Days Ago
Netflix,Technical Program Manager (L6) - Data Science & Engineering,230K Annually,12 Days Ago
Jam City,"Data Analyst, Product",67K-118K Annually,12 Days Ago
CAI,Data Engineer,122K-155K Annually,19 Days Ago
hims & hers,Sr. Data Engineer,140K-170K Annually,14 Days Ago
OpenSesame,Manager of Data Operations,130K-160K Annually,12 Days Ago
Buyers Edge Platform,Data Scientist,,12 Days Ago
Evisort,"Staff Data Scientist, AI",,12 Days Ago
Databricks,Specialist Solutions Architect - Data Engineering,140K-247K Annually,12 Days Ago
Coefficient,Product Data Analyst,,12 Days Ago
Kynite,Enterprise Data Architect,,12 Days Ago
Kynite,AWS Data Engineer Snowflake,,12 Days Ago
Protecht,Lead Data Analyst,,16 Days Ago
Anchorage Digital,Member of Global Analytics (Data Governance Lead),115K-140K Annually,19 Days Ago
Expel,"Director, Engineering (Ingest & Data Platforms)",188K-272K Annually,12 Days Ago
GENEX Power Systems Corporation,GIS Data Architect/ Engineer,,12 Days Ago
ZipRecruiter,"Software Engineer, Big Data",105K-145K Annually,13 Days Ago
WEKA,Head of Customer Experience (CX) and Data Insights,,13 Days Ago
Qualified,"Senior Software Engineer - Data, Backend",170K-220K Annually,13 Days Ago
Resonate,Senior Data Engineer,,13 Days Ago
Branch Insurance,Senior Software Engineer - Data Platform and Products,100K-127K Annually,13 Days Ago
LTK,Senior Data Analyst | Centralized Analytics & Reporting,,13 Days Ago
Lacework,"Director, Data Science",,21 Days Ago
Slingshot Aerospace,Senior Data Scientist,155K-190K Annually,13 Days Ago
TeamSnap,Senior Data Engineer,130K Annually,13 Days Ago
ZoomInfo,"Manager, Data Science",192K-264K Annually,18 Days Ago
SmarterDx,Senior Data Scientist,170K-200K Annually,13 Days Ago
General Dynamics Information Technology,Data Engineer - NAVSUP OIS - Remote,121K-163K Annually,13 Days Ago
Splice.com,Data Engineer (Remote),130K-142K Annually,13 Days Ago
Trility Consulting,Senior Azure Data Engineer,,13 Days Ago
Splice,Data Engineer (Remote),130K-142K Annually,13 Days Ago
Caylent,Big Data Architect,,13 Days Ago
SmarterDx,Senior Data Engineer,170K-200K Annually,13 Days Ago
Airbnb,"Platform Manager, Data Platform",192K-235K Annually,13 Days Ago
NationsBenefits,Senior Data Engineer,,13 Days Ago
NationsBenefits,Senior Data Analyst,,13 Days Ago
NationsBenefits,"Director, Data Engineering",,13 Days Ago
Democratic National Committee,Data Acquisitions Manager,85K Annually,13 Days Ago
Nextech,"Manager, Data Operations (Cloud Saas) Remote",,20 Days Ago
Signifyd,"Manager, Data Science",160K-190K Annually,13 Days Ago
StackAdapt,Data Engineer / Senior Data Engineer,,13 Days Ago
StackAdapt,Data Scientist / Senior Data Scientist,,13 Days Ago
EX Squared,Senior Data Developer,,13 Days Ago
EverBright,Product Manager - Data Platform,,13 Days Ago
Altoida,Python Data Engineer,,13 Days Ago
DesignMind,Senior Data Science Consultant (Remote),,22 Days Ago
Launch Potato,Lead Data Scientist,100K-145K Annually,13 Days Ago
Green Dot Corporation,Remote - Sr. Data Engineering Manager (OLTP),123K-188K Annually,13 Days Ago
Quadcode,Financial Data Analyst,,13 Days Ago
BlueLabs Analytics,Lead Data Scientist,105K-120K Annually,16 Days Ago
Nextech,Senior Data Engineer - Remote,,14 Days Ago
Messari,Data Platform Engineer,,14 Days Ago
LaunchDarkly,Director of Data,195K-270K Annually,14 Days Ago
BLACKCLOAK,Senior Data  Platform Engineer,130K-170K Annually,14 Days Ago
Core Scientific,Sr. Data Engineer,,14 Days Ago
Henry Meds,"Senior Data Analyst, Operations",,14 Days Ago
ComplexCare Solutions,Senior Data Engineer,,18 Days Ago
Collab,Senior Full Stack Engineer (Data Engineering Focused),130K-180K Annually,14 Days Ago
Classy,Staff Data Scientist,135K-180K Annually,15 Days Ago
Pathrise,Data Mentor (Part-time),,14 Days Ago
Bond,Data Scientist,,18 Days Ago
Pathward,Enterprise Data Architect,119K-221K Annually,14 Days Ago
Ridepanda,Data Analyst,,14 Days Ago
Messari,Crypto Data QA Engineer,115K-145K Annually,14 Days Ago
Employer Direct Healthcare,Lead Data Engineer,,14 Days Ago
Scale AI,"Data Labeling Quality Specialist, Public Sector, Contract",,14 Days Ago
Kontakt.io,Big Data Engineer,,20 Days Ago
Swish Analytics,Basketball Data Scientist,100K-195K Annually,14 Days Ago
Redwood Materials,Staff Data Scientist,,14 Days Ago
Paxos,Data Engineer,154K-181K Annually,14 Days Ago
Nagarro,Associate Principal Consultant - Product Owner,,5 Days Ago
Dataiku,"Data Scientist, LATAM",130K-150K Annually,14 Days Ago
"Availity, LLC",Data Scientist IV - AI Ops Specialty (Remote),,14 Days Ago
Verily,Head of AI and Data Science,256K-340K Annually,14 Days Ago
Pinterest,"Sr. Data Scientist, Media Mix Modeling (MMM)",123K-254K Annually,18 Days Ago
WireWheel.io,Data Engineer,,16 Days Ago
PingCAP Ltd,Senior Software Engineer - Data Replication,150K-220K Annually,15 Days Ago
Invoca,Senior Data Engineer,140K Annually,15 Days Ago
Lunchbox Technologies,Talent Community - Technology,,15 Days Ago
Raptive,Data Scientist,90K-140K Annually,17 Days Ago
MAVAN,Data Engineer - (Full Time / Part Time),,15 Days Ago
HubSpot,"Principal Engineer, Data Warehouse Infrastructure",,15 Days Ago
Included Health,"Staff Software Engineer, Data Infrastructure",,15 Days Ago
Snowflake,"Principal Data Platform Architect (Data Applications), Field CTO",,15 Days Ago
Earnin,Senior Staff Data Engineer,229K-341K Annually,15 Days Ago
LTK,Data Engineer,,15 Days Ago
ATI Advisory,Senior Data Analyst,,15 Days Ago
Bixal,Data Engineer,100K-125K Annually,15 Days Ago
Zelus Analytics,Data Scientist,75K-150K Annually,24 Days Ago
ABODO,Data Scientist,,23 Days Ago
Axios,Senior Data Engineer,140K-190K Annually,15 Days Ago
Wpromote,"Associate Director, Data Analysis",105K-125K Annually,15 Days Ago
Brilliant.org,Senior/Lead Data Scientist,170K-215K Annually,17 Days Ago
Branch,Senior Analytics Engineer,,2 Days Ago
Redflag AI,BI Developer,,10 Days Ago
Liftoff,Product Analyst,100K-140K Annually,12 Days Ago
Two Six Technologies,Data Pipeline Engineer,,16 Days Ago
Veradigm LLC,Sr Data Quality Engineer - Remote,,16 Days Ago
BARK,Lead Data Scientist,156K-187K Annually,17 Days Ago
iHerb,"Director, Global Data Engineering",206K-276K Annually,16 Days Ago
Granicus LLC,"Associate, Data & Insights",67K Annually,23 Days Ago
Rill Data,"Data Engineering Lead, Customer Success",,16 Days Ago
PwC,E&C Business Intelligence Analyst Senior Manager,,19 Days Ago
Moonhub,Software Engineer - ML/Data Platform,,16 Days Ago
Fundraise Up,"Senior Revenue Operation Analyst, GTM Analytics, Europe, Remote",29K-40K Annually,28 Minutes Ago
NavAide,SAP S/4 HANA Data Migration Subject Matter Expert,,17 Days Ago
"Nuvalent, Inc.","Senior Manager, Data Management",,17 Days Ago
Kin Insurance,Data Steward,,16 Days Ago
Kin Insurance,Senior Data Platform Engineer,,16 Days Ago
Energy Solutions,Senior Data Project Manager (Remote - US),97K-137K Annually,16 Days Ago
Red Dog Media,Senior Data Engineer,150K-200K Annually,16 Days Ago
Banner Bank,"Data Analytics & Quality Assurance Auditor ( Remote CA, OR, WA & ID)",87K-114K Annually,16 Days Ago
"Quest Analytics, LLC",Azure Data Architect,,16 Days Ago
Jcommerce Group,Sr Data Analyst,,16 Days Ago
Collibra,"Staff Product Manager, Data",176K-257K Annually,16 Days Ago
Globalization Partners,Senior Data Scientist,139K-174K Annually,20 Days Ago
Circle,Senior Site Reliability Engineer - Data Infrastructure,148K-228K Annually,16 Days Ago
Sustainment,Data Scientist,,17 Days Ago
Tubi,"VP, Data Engineering",246K-394K Annually,17 Days Ago
Neocol,Data Migration Architect,,17 Days Ago
Splash Financial,Staff Data Engineer,,17 Days Ago
Bellhop,Senior Data Analyst,,22 Days Ago
NUVIEW,Senior Data Analyst,,17 Days Ago
Weights & Biases,Senior Data Platform Engineer,203K-282K Annually,17 Days Ago
GoodLeap,Senior BI Programmer Analyst,130K-160K Annually,3 Days Ago
Health at Scale,Data Scientist - Claims Review,,17 Days Ago
UrbanFootprint,Senior Data Scientist - Climate Risk,130K-200K Annually,19 Days Ago
Pinterest,"Staff Data Scientist, Shopping",148K-304K Annually,20 Days Ago
Capital One,"Sr Lead Software Engineer - International Analytics, Shopping",199K-227K Annually,15 Days Ago
Pinterest,"Senior Software Engineer, Big Data",126K-258K Annually,17 Days Ago
Demandbase,Senior Data Platform Engineer,150K-180K Annually,17 Days Ago
brightwheel,"Manager, Data Strategy + Operations",90K-149K Annually,17 Days Ago
Reveleer,Data QA Analyst,70K-85K Annually,17 Days Ago
HubSpot,"Senior Machine Learning Engineer, Data & Systems Intelligence",,17 Days Ago
HubSpot,"Senior Data Scientist, Data & Systems Intelligence",,17 Days Ago
Stripe,GTM Data Quality Analyst,,17 Days Ago
Jamf,"Senior Manager, Marketing Data Strategy & Analysis",,17 Days Ago
Reddit,"Senior Data Engineer, Experimentation Platform",191K-267K Annually,17 Days Ago
3Cloud,"Director, Data & AI",149K-239K Annually,17 Days Ago
Amperon,Senior Data Scientist (PHD),,19 Days Ago
InvoiceCloud,Data Conversion Engineer,70K-90K Annually,18 Days Ago
Herself,"Director, Data Analytics",,18 Days Ago
Appfigures,Data Scientist,,18 Days Ago
WorkWave,Senior Data Engineer,110K-140K Annually,18 Days Ago
Coinbase,Technical Program Manager - Data Privacy,162K-191K Annually,18 Days Ago
Phaidra,Senior Software Engineer (Data Platform),114K-206K Annually,18 Days Ago
VISTRADA,Senior Data Systems Engineer - BI,,18 Days Ago
Reach plc,Data Reporting Apprentice,,18 Days Ago
NABA INC,CRM Data Migration Specialist,,18 Days Ago
GiveCampus,Lead Data Engineer,,18 Days Ago
Datalere,Data Engineer (Mid and Senior)---Remote Work Possible,,18 Days Ago
phData,Senior Data Scientist,,20 Days Ago
Interwell Health,Senior Data Engineer,,18 Days Ago
InMarket,Data Scientist - Measurement,120K-180K Annually,18 Days Ago
Modern Health,Senior Clinical Data Analyst,118K-163K Annually,18 Days Ago
Rentable,Data Scientist,,23 Days Ago
Alimentiv,Sr. Statistical Programmer,81K-136K Annually,2 Days Ago
Inovalon,Senior Data Engineer,,18 Days Ago
People Data Labs,Senior Data Engineer,,18 Days Ago
"ICA, Inc.","Data Science Product Portfolio Manager (Remote, US)",,18 Days Ago
Parker,Data Engineer,,18 Days Ago
Super.com,Data Analyst (Remote!),,18 Days Ago
Oportun,Staff Data Engineer,,18 Days Ago
NCX,Data Engineer,120K-125K Annually,18 Days Ago
Cresco Labs,BI Data Engineer,70K-75K Annually,24 Days Ago
Comply,Web Scraping Data Engineering Manager,120K-140K Annually,18 Days Ago
PosiGen,Sr Data Developer (REMOTE),110K-120K Annually,18 Days Ago
Storyblocks,Senior Data Scientist,153K-171K Annually,18 Days Ago
Brilliant.org,Lead Data & Analytics Engineer,180K-220K Annually,19 Days Ago
Coinbase,Senior Data Engineer,175K-206K Annually,18 Days Ago
Snowflake,"Data Cloud Architect, Data Science",,18 Days Ago
dv01,"Data Analyst, Integrations",80K-100K Annually,18 Days Ago
PrizePicks,Product Analyst,,22 Days Ago
Underdog Fantasy,Director of Data Engineering,215K-320K Annually,20 Days Ago
Life360,Senior Data Analyst,130K-170K Annually,19 Days Ago
John Snow Labs,"Senior NLP Data Science Researcher (PhD Required, US-based only)",,19 Days Ago
Scribe,Senior Analytics Engineer,,2 Days Ago
Gartner,"Data Management & Technology Expert (Senior Director/Analyst, Remote North America)",,19 Days Ago
RippleMatch,"Scholastic - Human Resources - Data Analysis, application via RippleMatch",,19 Days Ago
Apollo.io,Senior Data Engineer,,19 Days Ago
Messari,Analytics Engineer,120K-150K Annually,4 Days Ago
Block,Decision Scientist - Dispute Automation,115K-169K Annually,11 Days Ago
Imbue,"Software Engineer, Data",,19 Days Ago
Paylocity,Principal Network Engineer - Data Center,125K-171K Annually,19 Days Ago
Paylocity,Network Engineering Manager II - Data Center,131K-240K Annually,19 Days Ago
Amperon,Senior Data Engineer,,19 Days Ago
Entefy,Senior Data Scientist (Remote Position),,20 Days Ago
Array,Principal Data Analyst,198K Annually,19 Days Ago
Choreo,Senior BI Developer,,4 Days Ago
Nagarro,"Associate Staff Engineer, BI Reporting",,5 Days Ago
"Pixalate, Inc.",QA Engineer (Data & Compliance),,19 Days Ago
Rackspace Technology,Sr Big Data Engineer (GCP),,19 Days Ago
Rackspace Technology,Sr Big Data Infrastructure Engineer (GCP),,19 Days Ago
WIN Home Inspection,Senior Data Engineer,,19 Days Ago
EX Squared,Data Analytics,,19 Days Ago
Allata,Data Engineer,,19 Days Ago
Allata,Data Architect,,19 Days Ago
Allata,Data Principal,,19 Days Ago
Goodway Group,Director of Analytics and Data Insights,,19 Days Ago
Blockchains,Sr. Data Architect,,19 Days Ago
eTelligent Group,Data Architect,,19 Days Ago
Constant Contact,Senior Data Privacy Analyst,86K-108K Annually,19 Days Ago
Oscar Health,Workday Data Analyst,89K-129K Annually,19 Days Ago
Stripe,"Product Manager, Workflows and Custom Data",,19 Days Ago
The Nerdery,Senior Director of Data & AI,,19 Days Ago
Renaissance,Senior Data Engineer,100K-140K Annually,19 Days Ago
Token Metrics,Crypto Data Engineer (Sri Lanka- Remote),,19 Days Ago
Point B,Sales Engineer - Data & Analytics,176K-220K Annually,19 Days Ago
Mercari US,Data Engineer,211K-219K Annually,19 Days Ago
Coinbase,Senior Data Scientist - Finance/IR/Execs,140K-206K Annually,19 Days Ago
Faire,Senior Data Scientist - Brand,160K-244K Annually,19 Days Ago
Search Discovery,Data Engineers,,19 Days Ago
Search Discovery,Data Scientists,,19 Days Ago
APIXIO,Senior Analytics Engineer,90K-144K Annually,4 Days Ago
ArdentMC,Data Bricks Technical Lead - U.S. Citizenship Required,,23 Days Ago
Procore Technologies,Senior Data Analyst,114K-156K Annually,19 Days Ago
Onshore Outsourcing,Java Developer - ETL and Data Flow Specialist,,20 Days Ago
StarTree,"Software Engineer, Data Infrastructure",,20 Days Ago
Equilibrium Energy,Software Engineer (Data Engineering),,20 Days Ago
Correlation One,Lead Instructor: Data Analytics,,20 Days Ago
Correlation One,Data Skills Coach: Data Analytics,,20 Days Ago
Oportun,Staff Data Engineer,,20 Days Ago
"Deepwatch, inc.",Generative AI Data Scientist,160K-200K Annually,20 Days Ago
"Deepwatch, inc.",Cyber Data Lake Engineer,160K-200K Annually,20 Days Ago
Donnelley Financial Solutions,Operations Data Analytics Senior Associate - Remote,,21 Days Ago
Dataiku,Data Scientist,140K-155K Annually,20 Days Ago
Ledger Investing,Reinsurance Data Analyst,,20 Days Ago
Point B,Sales Engineer - Data & Analytics,176K-220K Annually,20 Days Ago
"CuriMeta, Inc.",Data Engineer,,20 Days Ago
Rocket Money,Senior Analytics Engineer,130K-170K Annually,22 Hours Ago
Ethisphere,Data Architect,,20 Days Ago
Effectual,Senior Data Architect,119K-193K Annually,20 Days Ago
BD,Staff Data Engineer (Remote),,20 Days Ago
Brightcove,"Director, Analytics",191K-287K Annually,5 Days Ago
Recorded Future,Don't see what you're looking for?  Join our Talent Network! (Data Engineering),,20 Days Ago
Crisis Text Line,Senior Data Engineer,107K-162K Annually,20 Days Ago
Scribd,Lead Product Manager - Data & Reporting,129K-253K Annually,20 Days Ago
Gemini,Analytics Engineer,104K-145K Annually,7 Days Ago
Formation Bio,Associate Director of Biostatistics,155K-200K Annually,12 Days Ago
Entefy,Data Scientist (Remote),,20 Days Ago
Honest Medical Group,Sr. Data Engineer,,20 Days Ago
MyPlanAdvocate,Senior Data Analyst,150K-170K Annually,20 Days Ago
Super.com,Data Analyst (Remote!),,20 Days Ago
Indivisible Project,Sr. Data Engineer,77K Annually,20 Days Ago
Nymbl Science,Healthcare Data Analyst,95K-110K Annually,20 Days Ago
Aledade,Technical Product Manager (Data Operations),,20 Days Ago
SFR3 Fund,Data Engineer (10x),,20 Days Ago
Upwork,Lead Data Scientist,178K-209K Annually,20 Days Ago
Mural,"Staff Data Engineer, Data Platform",,20 Days Ago
Kalibri Labs,Senior Data Scientist,50K-140K Annually,24 Days Ago
Quanata,Associate Actuarial Data Scientist [Remote],150K-200K Annually,20 Days Ago
Phaidra,Staff Software Engineer (Data Platform),156K-234K Annually,21 Days Ago
HiddenLayer,"Data Scientist, Adversarial ML",,21 Days Ago
FORM (formhealth.co),Senior Data Analyst & Technical Product Manager - Reporting & Data Pipeline - Remote,125K-185K Annually,21 Days Ago
Nagarro,"Staff Engineer, BI Reporting",,5 Days Ago
Consumer Edge,Head of Data and DevOps,185K-225K Annually,21 Days Ago
The Motley Fool,Freelance Data Engineer,,21 Days Ago
Recharge,Senior Data Engineer,,21 Days Ago
BetterUp,Senior Product Data Scientist,159K-239K Annually,21 Days Ago
Quince,"Director, Loyalty",,21 Days Ago
EDO,Data Quality Studio Specialist,59K-63K Annually,21 Days Ago
Tech Holding,Data Scientist,,23 Days Ago
Life360,Sr. Data Scientist (Advertising),140K-180K Annually,23 Days Ago
"Availity, LLC",Big Data Software Engineer III (Remote),,21 Days Ago
SprintFWD,Lead Data Engineer,120K-150K Annually,22 Days Ago
NucleusTeq,GCP Data Engineer,,22 Days Ago
AmerisourceBergen,Senior MDM Data Engineer  (remote),,22 Days Ago
Snowflake,"Data Cloud Strategy, Connectors - Partner Sales Engineering",,22 Days Ago
Enlace Health,Data Engineer (ETL Specialist),,22 Days Ago
Two Six Technologies,Data Scientist,,23 Days Ago
Barkley,Sr. Data Analyst,,22 Days Ago
Northbeam,"Staff Data Engineer, Special Projects",,22 Days Ago
Trilogy Federal,Sr Data Analyst,95K-108K Annually,24 Days Ago
NavAide,Navy ERP Level IV Data Analyst,,22 Days Ago
NavAide,Navy ERP Level III Data Analyst,,22 Days Ago
Oscar Health,Analytics Engineer II,119K-156K Annually,5 Days Ago
Iterative,"Software Engineer (AI Data Engine, Staff/ Senior, Open Source, SaaS)",,22 Days Ago
PwC,E&C Business Intelligence Analyst Senior Manager,,24 Days Ago
Hopper,"Senior Data Analyst, Lodging",160K-280K Annually,23 Days Ago
Tech Holding,Senior Data Scientist - Contractor,,23 Days Ago
0x Labs,Sr. Data Engineer,,23 Days Ago
Reserve,DeFi technical analyst,,Yesterday
Partnerize,Senior Data Engineer,,23 Days Ago
Partnerize,Senior Data Scientist,,23 Days Ago
ClickHouse,"Senior Software Engineer, Data- Remote",133K-232K Annually,23 Days Ago
Netflix,Distributed Systems Engineer (L5) - Data Platform,,23 Days Ago
Redjack,Cyber Data Scientist,,23 Days Ago
KnowBe4,Data Platform Engineer (Remote),110K-120K Annually,23 Days Ago
Paylocity,Senior Data Analyst Procurement,74K-101K Annually,23 Days Ago
GameChanger,"Senior Analytics Engineer, Ads + Marketing",150K-190K Annually,23 Days Ago
Intecrowd,Workday HCM Data Conversion Consultant,,23 Days Ago
Intecrowd,Workday Financials Data Conversion Consultant,,23 Days Ago
Abarca,Client Data Exchange Manager,,23 Days Ago
Evolve,Senior Data Engineer,141K-172K Annually,23 Days Ago
FreeUp,Remote Data Entry Specialist,,23 Days Ago
Linkwell Health,Director of Data & Analytics,,23 Days Ago
Cars Commerce,Analytics Engineer III,101K-126K Annually,7 Days Ago
Snowflake,"Data Platform Architect, Field CTO Office",,24 Days Ago
CircleCI,Senior Marketing Data Analyst,147K-170K Annually,24 Days Ago
Anteriad,Data Engineer,,24 Days Ago
Cars Commerce,Data Scientist II,91K-115K Annually,24 Days Ago
Circle,Compliance Data & Reporting Manager,145K-193K Annually,24 Days Ago
JobLeads,Data Analyst - fully remote (m/f/d),,24 Days Ago
"Sumitomo Mitsui Financial Group, Inc.",Analytics Lead (Remote),127K-189K Annually,10 Days Ago
Invitation Homes,Remote Data Architect,119K-206K Annually,24 Days Ago
Quadcode,QA Automation (Data streaming),,24 Days Ago
Nulogy,Data Ops Engineer,,24 Days Ago
cBEYONData,Data Science Consultant,,24 Days Ago
Osmosis Labs,Senior Backend Engineer (Data),,24 Days Ago
CopilotIQ,Staff Data Engineer,,24 Days Ago
XO Health Inc.,Lead Data Engineer / Full Stack Engineer,160K-180K Annually,24 Days Ago
Udacity,German Speaking Mentors (Independent Contractor): Data Analytics & Visualization Mentor & Project Reviewer,,24 Days Ago
Invitae,"Senior Software Engineer, Data Solutions",155K-190K Annually,24 Days Ago
Castor,Software Engineering Manager (Data),,24 Days Ago
EX Squared,Senior Data Engineer,,24 Days Ago
Extreme Networks,Senior Distributed Systems Engineer - Big Data - US Remote (9243),100K-120K Annually,24 Days Ago
cBEYONData,Power BI Developer,,5 Days Ago
Syndigo,Data Processing Coordinator,,24 Days Ago
Netflix,"Privacy Engineer (L4), Data Protection",100K Annually,24 Days Ago
Reddit,"Senior Software Engineer, Data Infrastructure",191K-267K Annually,24 Days Ago
Stack Overflow,"Senior Data Engineer, Platform Engineering",152K-180K Annually,24 Days Ago
Fivetran,Principal Software Engineer - Data Lakes,233K-291K Annually,24 Days Ago
LTK,Senior HRIS Systems and Data Analyst,,24 Days Ago
P3 Adaptive,Power BI Principal Consultant,,6 Days Ago
Fingerprint,Senior Backend Engineer Data-Intensive Applications,,25 Days Ago
HealthVerity,"Director, Real World Data Insights",135K-190K Annually,25 Days Ago
Prime Therapeutics,Sr. BI Specialist - BI and Reporting - Remote,81K-129K Annually,16 Days Ago
DAS42,Analytics Consultant,170K Annually,4 Days Ago
NationsBenefits,Senior Tableau Developer,,13 Days Ago
Gemini,Senior Analytics Engineer,136K-190K Annually,13 Days Ago
Mammoth Growth,Aspiring Mammoth,,9 Days Ago
Garner Health,Senior Software Engineer (Python),155K-190K Annually,20 Days Ago
hims & hers,Sr. Analytics Engineer,125K-175K Annually,14 Days Ago
MongoDB,Senior Analytics Engineer II,104K-204K Annually,9 Days Ago
Mammoth Growth,Senior Analytics Engineer,,9 Days Ago
Fandom,Senior Business Intelligence Analyst,78K-131K Annually,19 Days Ago
Phaidra,Energy Engineer,85K-186K Annually,13 Days Ago
Chord,Senior Analytics Engineer,126K-180K Annually,15 Days Ago
Hopper,Sales Strategy & Operations,,23 Days Ago
Planet Technologies,Power BI Specialist,,19 Days Ago
Mammoth Growth,Analytics Engineer,,22 Days Ago
Token Metrics,Business Analyst (Columbo-Remote),,19 Days Ago
"T-Rex Solutions, LLC",Senior Cloud BI Developer,100K-140K Annually,20 Days Ago
RevOpsforce,Power BI Administrator (Contract),,19 Days Ago
Khan Academy,Senior Analytics Engineer,138K-190K Annually,18 Days Ago
EquipmentShare,Analytics Engineer,,20 Days Ago
Built Technologies,Senior Analytics Engineer,117K-149K Annually,22 Days Ago
Paytient,Analytics Engineer,,20 Days Ago
Kong,Business Intelligence Engineer - Revenue Operations,145K-165K Annually,15 Days Ago
brightwheel,Senior Analytics Engineer,121K-160K Annually,19 Days Ago
Collectiv,Senior Power BI Consultant,,19 Days Ago
Dun & Bradstreet,Database Engineer,,22 Days Ago
Pattern Data,Analytics Developer II,,24 Days Ago
PosiGen,Sr. Analytics Developer,110K-130K Annually,18 Days Ago
3Cloud,Business Intelligence & Analytics Architect,108K-173K Annually,24 Days Ago
3Pillar Global,Database Developer- Lead,,18 Days Ago
Earnest,"Senior Analytics Engineer - Remote, US",140K-175K Annually,24 Days Ago
BlueLabs Analytics,Strategic Analytics Fellow,,22 Days Ago
Telix Pharmaceuticals Limited,Senior Statistical Programmer,,22 Days Ago
Magellan Health,Lead BI Analyst - Federal (Fully Remote),94K-160K Annually,22 Days Ago
EquipmentShare,Analytics Engineer - Finance,,23 Days Ago
Collectiv,Power BI Project Lead Consultant,,24 Days Ago
